Ngay,Lo_1_San_Luong,Lo_1_Bot_Song,Lo_1_MNBS1_chuyen_qua_MNBS2,Lo_1_Than,Lo_1_Chat_Dot,Lo_1_Carbon,Lo_2_San_Luong,Lo_2_Bot_Song,Lo_2_Than,Lo_2_Chat_Dot,Lo_2_Carbon,Ton_Kho_Bot_Song,Ton_Kho_Than,Ton_Kho_Chat_Dot,Ton_Kho_Carbon
1/1/2021,3018,4291,480,414.41,0,0,4372,6776,507.79,0,0,12006,15858.92615,0,0
1/2/2021,3007,4273,480,413.79,0,0,4371,6774,508.51,0,0,12569,17036.62615,0,0
1/3/2021,3016,4767,0,416.89,0,0,4376,6782,525.93,0,0,12731,17393.80615,0,0
1/4/2021,3018,4411,360,415.96,0,0,4374,6779,522.71,0,0,13227,18855.13615,0,0
1/5/2021,3022,4642,135,420.978,0,0,4376,6782,526.35,0,0,13354,17907.80815,0,0
1/6/2021,3023,4778,0,420.1,0,0,4371,6774,519.16,0,0,12688,19318.54815,0,0
1/7/2021,3012,4761,0,418.94,0,0,4374,6779,520.65,0,0,12886,20278.95815,0,0
1/8/2021,3016,4767,0,417.69,0,0,4378,6785,513.8,0,0,12983,21497.46815,0,0
1/9/2021,3012,4761,0,417.9,0,0,4373,6777,513.95,0,0,13148,22765.61815,0,0
1/10/2021,3015,4766,0,418.78,0,0,4376,6782,516.06,0,0,13307,22830.77815,0,0
1/11/2021,3011,4759,0,416.6,0,0,4372,6776,506.6,0,0,13477,22757.57815,0,0
1/12/2021,3014,4764,0,415.53,0,0,4376,6782,510.98,0,0,11768,23981.06815,0,0
1/13/2021,3011,4759,0,414.56,0,0,4372,6776,509.77,0,0,11961,23056.73815,0,0
1/14/2021,3012,4761,0,418.7581533,0,0,4374,6779,515.5765344,0,0,12135,22122.40347,0,0
1/15/2021,3015,4766,0,408.91,0,0,4377,6783,516.4,0,0,12292,21197.09347,0,0
1/16/2021,3017,4769,0,417.21,0,0,4371,6774,516.71,0,0,12383,22313.17347,0,0
1/17/2021,3014,4764,0,428.36,0,0,4373,6777,518.12,0,0,11474,23016.69347,0,0
1/18/2021,3020,4774,0,428.84,0,0,4370,6772,517.79,0,0,11580,22070.06347,0,0
1/19/2021,3022,4777,0,426.4,0,0,4325,6703,502.76,0,0,11682,22440.90347,0,0
1/20/2021,3026,4783,0,426.47,0,0,4315,6687,500.43,0,0,11768,21514.00347,0,0
1/21/2021,3036,4799,0,437.22,0,0,4325,6703,504,0,0,11784,21472.78347,0,0
1/22/2021,3042,4808,0,437.29,0,0,4351,6743,506.06,0,0,9768,20579.43347,0,0
1/23/2021,3046,4815,0,435.31,0,0,4355,6749,505.87,0,0,9875,20888.25347,0,0
1/24/2021,3035,4797,0,434.48,0,0,4357,6752,510.65,0,0,9960,23343.12347,0,0
1/25/2021,3031,4791,0,435.22,0,0,4342,6729,511.96,0,0,9680,23495.94347,0,0
1/26/2021,3030,4790,0,437.13,0,0,4351,6743,515.9016253,0,0,9839,22542.91184,0,0
1/27/2021,3032,4572,0,436.97,0,0,4354,6748,517.66,0,0,9982,27450.31184,0,0
1/28/2021,3035,4389,408,437.2,0,0,4358,6754,520.11,0,0,10590,28293.00184,0,0
1/29/2021,3041,4399,408,422.31,0,0,4360,6757,519.3,0,0,11114,20218.04,0,0
1/30/2021,3043,4402,408,426.37,0,0,4361,6758,517.1,0,0,11666,20174.57,0,0
1/31/2021,3042,4417,391,438.66,0,0,4363,6762,518.27,0,0,12172,19217.64,0,0
2/1/2021,3046,4492,323,438.41,0,0,4355,6749,515,0,0,12632,28066.52,0,0
2/2/2021,3044,4489,323,439.3955882,0,0,4357,6752,513.4816369,0,0,13056,27913.64277,0,0
2/3/2021,3046,4407,408,439.18,0,0,4358,6754,515.53,0,0,13552,27758.93277,0,0
2/4/2021,3048,4818,0,437.85,0,0,4355,6749,513.878,0,0,13615,26807.20477,0,0
2/5/2021,3046,4747,68,435.16,0,0,4358,6754,520.84,0,0,13767,25851.20477,0,0
2/6/2021,3048,4818,0,434.94,0,0,4355,6749,519.69,0,0,13801,25396.57477,0,0
2/7/2021,3045,4813,0,435.68,0,0,4357,6752,520.05,0,0,13836,26690.84477,0,0
2/8/2021,1050,1660,0,141.58,0,0,4359,6755,519.59,0,0,12176,29329.67477,0,0
2/9/2021,3001,4744,0,430.4,0,0,4354,6748,516.85,0,0,10716,33282.42477,0,0
2/10/2021,3005,4750,0,430.59,0,0,4352,6745,515.73,0,0,10898,32336.10477,0,0
2/11/2021,3008,4755,0,429.72,0,0,4402,6822,521.69,0,0,10804,31384.69477,0,0
2/12/2021,3015,4766,0,430.21,0,0,4404,6825,522.61,0,0,10987,30431.87477,0,0
2/13/2021,3018,4771,0,425.44,0,0,4406,6828,528.8303631,0,0,11169,29477.60441,0,0
2/14/2021,3012,4761,0,426.11,0,0,4402,6822,561.22,0,0,10308,28490.27441,0,0
2/15/2021,3010,4758,0,425.22,0,0,4405,6827,553.14,0,0,10514,27511.91441,0,0
2/16/2021,3017,4769,0,433.96,0,0,4375,6780,551.21,0,0,10769,26526.74441,0,0
2/17/2021,3020,4774,0,433.93,0,0,4355,6749,552.37,0,0,11001,25540.44441,0,0
2/18/2021,3018,4771,0,426.89,0,0,4351,6743,553.43,0,0,11234,24560.12441,0,0
2/19/2021,3016,4767,0,435.71,0,0,4354,6748,551.19,0,0,11456,23573.22441,0,0
2/20/2021,3018,4771,0,435.38,0,0,4352,6745,552.22,0,0,11648,22585.62441,0,0
2/21/2021,3025,4782,0,435.71,0,0,4356,6751,557.02,0,0,11837,21592.89441,0,0
2/22/2021,3022,4777,0,439.28,0,0,4360,6757,559.13,0,0,9969,20594.48441,0,0
2/23/2021,3024,4780,0,438.752427,0,0,4362,6760,561.38,0,0,10191,22044.35198,0,0
2/24/2021,3022,4777,0,437.38,0,0,4361,6758,557.95,0,0,10410,23049.02198,0,0
2/25/2021,3025,4782,0,437.489,0,0,4360,6757,553.0334624,0,0,10630,24308.49952,0,0
2/26/2021,3022,4777,0,419.67,0,0,4362,6760,519.41,0,0,10862,18137.66952,0,0
2/27/2021,3020,4774,0,420.64,0,0,4365,6765,518.52,0,0,10983,17198.50952,0,0
2/28/2021,3015,4766,0,434.23,0,0,4364,6763,517.32,0,0,11202,16246.95952,0,0
3/1/2021,3018,4771,0,434.024,0,0,4369,6771,517.11,0,0,11419,30531.26552,0,0
3/2/2021,3023,4778,0,435.78,0,0,4378,6785,521.47,0,0,11676,30574.01552,0,0
3/3/2021,3040,4794,0,441.28,0,0,4402,6950,523.29,0,0,11877,32109.44552,0,0
3/4/2021,3041,4807,0,441.6,0,0,4404,6825,524.34,0,0,12081,32793.50552,0,0
3/5/2021,3040,4805,0,444.34,0,0,4401,6820,525.31,0,0,9965,32923.85552,0,0
3/6/2021,3042,4808,0,444.94,0,0,4403,6824,518.783,0,0,10201,34110.13252,0,0
3/7/2021,3038,4802,0,439.7,0,0,4401,6820,517.04,0,0,10428,33953.39252,0,0
3/8/2021,3036,4799,0,436.1705627,0,0,4403,6824,517.5868745,0,0,10677,33549.63509,0,0
3/9/2021,3034,4796,0,437.66,0,0,4405,6827,517.37,0,0,10264,32594.60509,0,0
3/10/2021,3036,4799,0,438.73,0,0,4401,6820,519.29,0,0,10467,31636.58509,0,0
3/11/2021,3038,4802,0,440.2237102,0,0,4403,6824,519.9406395,0,0,10711,30676.42074,0,0
3/12/2021,3040,4805,0,426.47,0,0,4405,6827,518.21,0,0,10907,29731.74074,0,0
3/13/2021,3036,4799,0,427.57,0,0,4352,6745,512.33,0,0,11094,28791.84074,0,0
3/14/2021,3043,4810,0,439.44,0,0,4358,6754,512.84,0,0,11283,27839.56074,0,0
3/15/2021,3045,4813,0,438.66,0,0,4355,6749,513.19,0,0,11435,27787.71074,0,0
3/16/2021,3040,4465,340,436.91,0,0,4110,6369,522.31,0,0,11962,29378.49074,0,0
3/17/2021,3042,4608,200,438.23,0,0,4005,6207,470.99,0,0,10217,28469.27074,0,0
3/18/2021,3038,4802,0,437.29,0,0,705,1093,83.94,0,0,10271,28898.04074,0,0
3/19/2021,3041,4807,0,437.2,0,0,0,0,0,0,0,10167,28460.84074,0,0
3/20/2021,3045,4813,0,437.2,0,0,0,0,0,0,0,9569,28876.25074,0,0
3/21/2021,3052,4824,0,439.2,0,0,1556,2411,223.34,0,0,9008,28213.71074,0,0
3/22/2021,3050,4441,380,438.3832735,0,0,4002,6202,508.08,0,0,8897,29917.24746,0,0
3/23/2021,3048,4418,400,437.09,0,0,4105,6362,532.25,0,0,9290,30197.90424,0,0
3/24/2021,3044,4552,260,437.36,0,0,4151,6433,527.03,0,0,9485,30483.51424,0,0
3/25/2021,3042,4328,480,435.82,0,0,4175,6470,527.54,0,0,10009,30770.15424,0,0
3/26/2021,3044,4812,0,437.14,0,0,4185,6486,527.01,0,0,8368,28556.00424,0,0
3/27/2021,3038,4522,280,435.14,0,0,4204,6515,531.4433132,0,0,8690,28639.42092,0,0
3/28/2021,3036,4339,460,432.32,0,0,4214,6531,532.51,0,0,9251,29774.59092,0,0
3/29/2021,3038,4402,400,436.29,0,0,4223,6545,537.12,0,0,9777,30601.18092,0,0
3/30/2021,3005,4370,380,396.22,0,0,4302,6667,547.83,0,0,9928,31207.13092,0,0
3/31/2021,3020,4314,460,400.2348474,0,0,4304,6670,549.1,0,0,10520,23296.47298,0,0
4/1/2021,3032,4553,240,401.9449029,0,0,4307,6675,553.21,0,0,10868,32442.26808,0,0
4/2/2021,3002,4385,360,400.6131322,0,0,4303,6669,552.1482103,0,0,11350,32489.50674,0,0
4/3/2021,3010,4413,345,432.96,0,0,4308,6676,553.05,0,0,11757,32003.49674,0,0
4/4/2021,3012,4476,285,433.79,0,0,4314,6686,554.71,0,0,12178,31964.99674,0,0
4/5/2021,3022,4552,225,435.6685948,0,0,4324,6701,555.92,0,0,12505,31923.40814,0,0
4/6/2021,3026,4783,0,437.8499527,0,0,4331,6712,557.66,0,0,12682,31327.89819,0,0
4/7/2021,3030,4790,0,405.4739111,0,0,4338,6723,552.98,0,0,12774,30369.44428,0,0
4/8/2021,3032,4793,0,419.158448,0,0,4342,6729,541.6292271,0,0,12845,31258.65661,0,0
4/9/2021,3038,4802,0,420.02,0,0,4352,6745,535.14,0,0,11198,32353.49661,0,0
4/10/2021,3035,4797,0,419.92,0,0,4354,6748,534.58,0,0,11369,33198.99661,0,0
4/11/2021,3037,4801,0,418.98,0,0,4358,6754,533.88,0,0,11546,33046.13661,0,0
4/12/2021,1240,1960,0,132.6396892,0,0,2781,4310,440.0372122,0,0,9586,34723.4597,0,0
4/13/2021,3001,4744,0,417.96,0,0,4326,6704,535.7,0,0,8960,33769.7997,0,0
4/14/2021,3009,4756,0,418.1,0,0,4320,6695,534.82,0,0,9133,34066.8797,0,0
4/15/2021,3058,4834,0,425.07,0,0,4376,6782,539.57,0,0,17515,34052.2397,0,0
4/16/2021,3064,4843,0,425.38,0,0,4401,6820,543.93,0,0,17710,34132.9297,0,0
4/17/2021,3068,4850,0,428.18,0,0,4403,6824,541.55,0,0,17608,33163.1997,0,0
4/18/2021,3066,4846,0,428.35,0,0,4405,6827,544.6,0,0,18884,33390.2497,0,0
4/19/2021,3062,4840,0,423.3227417,0,0,4385,6796,539.0067711,0,0,17760,33677.92019,0,0
4/20/2021,3064,4843,0,425.15,0,0,4340,6726,535.77,0,0,16206,35167.00019,0,0
4/21/2021,3066,4846,0,425.9,0,0,4305,6672,532.05,0,0,17639,35159.05019,0,0
4/22/2021,3069,4851,0,427.45,0,0,4307,6675,532.8,0,0,17411,36521.1174,0,0
4/23/2021,3067,4848,0,427.38,0,0,4305,6672,531.71,0,0,18696,36362.0274,0,0
4/24/2021,3064,4843,0,425.07,0,0,4282,6636,525.2,0,0,18814,36711.7574,0,0
4/25/2021,3068,4850,0,426.18,0,0,4307,6675,530.64,0,0,18480,37754.9374,0,0
4/26/2021,3061,4839,0,426.1,0,0,4301,6665,511.18,0,0,17526,37867.6574,0,0
4/27/2021,3065,4845,0,429.1,0,0,4303,6669,497.48,0,0,17613,36941.0774,0,0
4/28/2021,3067,4848,0,427.48,0,0,4210,6524,480.34,0,0,19085,37083.2574,0,0
4/29/2021,3069,4851,0,428.49,0,0,4205,6517,491.6,0,0,15649,26090.599,0,0
5/1/2021,3060,4837,0,426.6,0,0,4307,6675,528.46,0,0,17106,25135.539,0,0
5/2/2021,3052,4824,0,424.83,0,0,4310,6679,536.6,0,0,16809,36463.789,0,0
5/3/2021,3045,4813,0,424.22,0,0,4312,6683,513.4685567,0,0,16233,36476.10044,0,0
5/4/2021,3042,4808,0,426.37,0,0,4308,6676,494.01,0,0,17667,36505.72044,0,0
5/5/2021,3040,4805,0,430.14,0,0,4304,6670,485.41,0,0,17208,36768.649,0,0
5/6/2021,3034,4796,0,426.92,0,0,4301,6665,482.87,0,0,15141,36358.859,0,0
5/7/2021,3032,4793,0,426.5746335,0,0,4304,6670,485.9207173,0,0,10989,36629.00365,0,0
5/8/2021,3038,4802,0,425.77,0,0,4302,6667,466.27,0,0,12311,36686.96365,0,0
5/9/2021,3035,4797,0,425.76,0,0,4304,6670,457.76,0,0,13643,36603.44365,0,0
5/10/2021,3037,4801,0,426.09,0,0,4301,6665,463.11,0,0,12655,35715.88365,0,0
5/11/2021,3032,4493,300,427.5398585,0,0,4304,6670,473.2953208,0,0,13718,34815.04847,0,0
5/12/2021,3035,4797,0,428.3966913,0,0,4302,6667,468.2135134,0,0,13389,33918.43827,0,0
5/13/2021,3031,4791,0,426.942633,0,0,4305,6672,469.6711917,0,0,10319,33021.82444,0,0
5/14/2021,3035,4797,0,427.2893879,0,0,4301,6665,475.3804918,0,0,11321,32119.15456,0,0
5/15/2021,3039,4804,0,428.4,0,0,4304,6670,483.0521557,0,0,10432,31207.70241,0,0
5/16/2021,3035,4797,0,427.1720126,0,0,4302,6667,467.38,0,0,11826,30313.15039,0,0
5/17/2021,1030,1628,0,145.47,0,0,4304,6670,471.82,0,0,11556,29704.15039,0,0
5/18/2021,1100,1739,0,105.32,0,0,4330,6710,511.84,0,0,11105,29086.99039,0,0
5/19/2021,3010,4758,0,432.06,0,0,4390,6803,516.65,0,0,11924,28138.28039,0,0
5/20/2021,3037,4801,0,430.95,0,0,4382,6791,515.31,0,0,13304,27192.02039,0,0
5/21/2021,3032,4793,0,429.8,0,0,4385,6796,518.77,0,0,11250,26243.45039,0,0
5/22/2021,3035,4797,0,420.02,0,0,4352,6745,515.55,0,0,12603,25289.92039,0,0
5/23/2021,3044,4812,0,420.91,0,0,4382,6791,518.75,0,0,13973,24350.26039,0,0
5/24/2021,3034,4796,0,434.24,0,0,4301,6665,468.43,0,0,15529,23447.59039,0,0
5/25/2021,3031,4311,480,428.91,0,0,4302,6667,469.17,0,0,17113,22549.51039,0,0
5/26/2021,3030,4310,480,425.96,0,0,4303,6669,471.81,0,0,18696,21651.74039,0,0
5/27/2021,3033,4314,480,426.1,0,0,4301,6665,479.68,0,0,20265,20745.96039,0,0
5/28/2021,3030,4670,120,416.33,0,0,4303,6669,509.4,0,0,15832,19820.23039,0,0
5/29/2021,3032,4313,480,413.7578635,0,0,4205,6517,505.3584792,0,0,17528,19046.40405,0,0
5/30/2021,3034,4316,480,414.6331946,0,0,4202,6512,507.337238,0,0,19159,18124.43362,0,0
5/31/2021,3031,4311,480,413.51,0,0,4270,6617,513.44,0,0,20616,17197.48362,0,0
6/1/2021,3033,4434,360,419.7769001,0,0,4280,6633,521.8649797,0,0,20163,16295.06843,0,0
6/2/2021,3025,4302,480,425.27,0,0,4302,6667,532.82,0,0,21531,16336.97843,0,0
6/3/2021,3024,4300,480,426.1983369,0,0,4306,6673,534.3222808,0,0,21445,16476.45781,0,0
6/4/2021,3028,4566,220,425.6272779,0,0,4304,6670,533.0772367,0,0,18681,16567.7533,0,0
6/5/2021,3032,4793,0,415.61,0,0,4306,6673,531.7319226,0,0,19104,17870.41137,0,0
6/6/2021,3034,4796,0,414.76,0,0,4308,6676,530.2859261,0,0,20515,18975.36545,0,0
6/7/2021,3032,4793,0,430.14,0,0,4301,6665,529.73,0,0,22023,18765.49545,0,0
6/8/2021,3031,4791,0,420.7388953,0,0,4303,6669,501.7248088,0,0,22378,17843.03174,0,0
6/9/2021,3034,4796,0,421.5017081,0,0,4304,6670,505.2225587,0,0,23227,18166.30748,0,0
6/10/2021,3031,4791,0,420.3349487,0,0,4301,6665,506.5010628,0,0,20651,18139.47146,0,0
6/11/2021,3034,4796,0,421.7310919,0,0,4303,6669,497.5199154,0,0,21597,17220.22046,0,0
6/12/2021,3035,4797,0,408.98,0,0,4302,6667,500.98,38.34,0,23687,16254.05046,282.166,0
6/13/2021,3026,4783,0,423.64,0,0,4304,6670,490.55,55.2,0,25122,15339.86046,301.466,0
6/14/2021,3022,4777,0,417.6862703,0,0,4302,6667,482.19,61.65,0,21566,14439.98419,315.816,0
6/15/2021,1675,2228,420,192.3980292,0,0,4304,6670,480.7844102,65.718,0,20648,16139.39175,327.098,0
6/16/2021,3032,4313,480,419.3557039,0,0,4306,6673,461.3721086,94.92,0,21787,16158.66394,319.678,0
6/17/2021,3028,4626,160,418.0272808,0,0,4303,6669,450.7585065,107.152,0,17561,15739.87815,300.026,0
6/18/2021,3030,4310,480,415.03,0,0,4304,6670,452.53,0,0,18963,15672.31815,284.151,0
6/19/2021,3034,4316,480,420.42,0,0,4301,6665,447.8719091,123.916,0,20406,15704.02624,228.235,0
6/20/2021,3031,4311,480,427.8766196,0,0,4306,6673,457.1914108,113.16,0,21916,15868.95821,155.075,0
6/21/2021,3033,4434,360,428.7028671,0,0,4304,6670,460.7256936,0,0,21583,17391.67834,125.27,0
6/22/2021,3031,4431,360,427.1369185,0,0,4301,6665,466.2649931,97.326,0,21236,17498.27643,113.444,0
6/23/2021,3026,4303,480,423.9720165,0,0,4303,6669,486.3541562,67.07,0,22675,17437.95026,145.874,0
6/24/2021,3028,4586,200,430.49,0,0,4275,6625,488.92,56.94,0,19697,16518.54026,183.934,0
6/25/2021,3025,4302,480,434.92,0,0,4291,6650,471.55,87.717,0,21104,16512.07026,231.217,0
6/26/2021,3022,4297,480,434.24,0,0,4293,6653,473.03,83.4,0,22691,16654.80026,273.817,0
6/27/2021,3023,4298,480,434.31,0,0,4290,6648,476.35,79.98,0,24212,15744.14026,259.337,0
6/28/2021,3025,4422,360,435.35,0,0,4201,6511,520.3482962,0,0,22389,14788.44196,345.144,0
6/29/2021,3027,4515,270,436.66,0,0,4150,6431,514.33,0,0,22135,14151.81196,378.144,0
6/30/2021,3023,4418,360,436.46,0,0,4005,6207,499.7417407,0,0,24254,10683.07,385.379,0
7/1/2021,3012,4581,180,435.0975149,0,0,4069,6306,511.2552819,0,0,22426,13509.51712,385.379,0
7/2/2021,3018,4471,300,435.68,0,0,4202,6512,530.5992241,0,0,24006,12543.23541,385.379,0
7/3/2021,3002,4475,270,433.65,0,0,4201,6511,531.4861822,0,0,23849,12778.09923,385.379,0
7/4/2021,2930,4631,0,424.6020609,0,0,4203,6514,536.7269711,0,0,25633,11816.77019,385.379,0
7/5/2021,2935,4639,0,426.0177694,0,0,4201,6511,535.9884972,0,0,24620,10854.76393,385.379,0
7/6/2021,2005,3169,0,339.09,0,0,4203,6514,535.3251413,0,0,25255,11130.34728,385.379,0
7/7/2021,2650,3829,360,396.9621973,0,0,4210,6524,534.5771734,0,0,24109,11848.80791,385.379,0
7/8/2021,3002,4625,120,419.5855852,0,0,4215,6532,519.0134407,0,0,20570,11967.65889,385.379,0
7/9/2021,3004,4388,360,417.07,0,0,4231,6557,517.39,0,0,21651,12233.19889,407.379,0
7/10/2021,3014,4404,360,418.2,0,0,4242,6574,519.76,0,0,23315,11295.23889,407.379,0
7/11/2021,3030,4430,360,420.08,0,0,4302,6667,526.9,0,0,24766,10348.25889,407.379,0
7/12/2021,3001,4384,360,417.2122987,0,0,4335,6718,531.8845256,0,0,25830,10299.16206,407.379,0
7/13/2021,2960,4409,270,409.58,0,0,4301,6665,491.5,46.725,0,25429,11498.08206,338.654,0
7/14/2021,2920,4271,345,402.7199888,0,0,4260,6602,471.5,67.372,0,24920,10623.87206,271.282,0
7/15/2021,2929,4405,225,429.8720475,0,0,4202,6512,532.6878801,19.966,0,21091,10861.31213,345.316,0
7/16/2021,2915,4263,345,422.69,0,0,4102,6357,536.02,0,0,22597,10802.60213,399.316,0
7/17/2021,2890,4268,300,426.04,0,0,4010,6215,496.25,39.106,0,23696,11830.31213,360.21,0
7/18/2021,2905,4247,345,429.37,0,0,3940,6106,512.69,0,0,25664,11889.09213,360.21,0
7/19/2021,2901,4586,0,428.8644199,0,0,3932,6094,511.8150694,0,0,27960,12848.41265,366.663,0
7/20/2021,2905,4592,0,430.0731934,0,0,3926,6084,507.7852137,0,0,27932,13060.55424,366.663,0
7/21/2021,2880,4552,0,438.85,0,0,3860,5982,514.13,0,0,28549,13307.57424,366.663,0
7/22/2021,2825,4465,0,429.1265893,0,0,3850,5967,510.6319229,0,0,24916,13418.52573,366.663,0
7/23/2021,2822,4101,360,431.67,0,0,3845,5959,515.44,0,0,27206,14121.41573,366.663,0
7/24/2021,2852,4178,330,371.46,0,0,3810,5905,508.52,0,0,28512,13241.43573,366.663,0
7/25/2021,2859,4234,285,379.13,0,0,3802,5892,530.28,0,0,27836,12332.02573,366.663,0
7/26/2021,0,0,0,0,0,0,3804,5895,537.7345451,0,0,27778,14144.29118,366.663,0
7/27/2021,0,0,0,0,0,0,3920,6075,513.01,0,0,27636,14881.28118,366.663,0
7/28/2021,0,0,0,0,0,0,4201,6511,543.18,0,0,27224,14338.10118,366.663,0
7/29/2021,0,0,0,0,0,0,4217,6535,541.31,0,0,26146,13796.79118,366.663,0
7/30/2021,0,0,0,0,0,0,4102,6357,494.98,0,0,27759,7337.750543,320.298,0
7/31/2021,0,0,0,0,0,0,4112,6373,481.88,7.795,0,27439,6872.970543,252.618,0
8/1/2021,0,0,0,0,0,0,4089,6337,487.4,54.4,0,26767,17613.70054,198.218,0
8/2/2021,0,0,0,0,0,0,4001,6201,503.39,17.577,0,27124,17110.31054,180.641,0
8/3/2021,0,0,0,0,0,0,4004,6205,461.4124571,84.6,0,29013,16648.89809,96.041,0
8/4/2021,0,0,0,0,0,0,4005,6207,466.906724,75.58,0,26829,17231.99136,20.461,0
8/5/2021,0,0,0,0,0,0,4001,6201,523.42,0,0,28698,17858.48809,20.461,0
8/6/2021,0,0,0,0,0,0,4003,6204,523.22,0,0,26151,17335.26809,20.461,0
8/7/2021,0,0,0,0,0,0,0,0,0,0,0,26151,17333.98809,20.461,0
8/8/2021,0,0,0,0,0,0,0,0,0,0,0,26151,17335.26809,20.461,0
8/9/2021,0,0,0,0,0,0,0,0,0,0,0,26151,17335.26809,83.461,0
8/10/2021,0,0,0,0,0,0,0,0,0,0,0,26151,17335.26809,95.093,0
8/11/2021,0,0,0,0,0,0,0,0,0,0,0,26151,18035.26809,95.093,0
8/12/2021,0,0,0,0,0,0,0,0,0,0,0,26151,19085.26809,95.093,0
8/13/2021,0,0,0,0,0,0,0,0,0,0,0,26151,20085.26809,95.093,0
8/14/2021,0,0,0,0,0,0,0,0,0,0,0,26151,20085.26809,95.093,0
8/15/2021,,,,,,,,,,0,0,,,0,0
8/16/2021,0,0,0,0,0,0,625,969,95,0,0,25182,19990.26809,95.093,0
8/17/2021,0,0,0,0,0,0,3802,5892,499.86,0,0,26293,19490.40809,95.093,0
8/18/2021,0,0,0,0,0,0,3820,5920,428.4,14.56,0,26018,19062.00809,5.901,0
8/19/2021,0,0,0,0,0,0,3880,6013,510.82,0,0,25219,18551.18809,5.901,0
8/20/2021,0,0,0,0,0,0,3070,4758,406.64,0,0,27149,18144.54809,5.901,0
8/21/2021,0,0,0,0,0,0,3550,5502,522.08,0,0,24831,17622.46809,5.901,0
8/22/2021,0,0,0,0,0,0,4013,6219,527.44,0,0,26575,17095.02809,5.901,0
8/23/2021,0,0,0,0,0,0,4016,6224,530.42,0,0,21860,16564.60809,5.901,0
8/24/2021,0,0,0,0,0,0,4006,6208,528.18,0,0,23720,16036.42809,5.901,0
8/25/2021,0,0,0,0,0,0,4005,6207,528.99,0,0,25628,15507.25836,5.901,0
8/26/2021,0,0,0,0,0,0,4009,6213,528.5799852,0,0,27503,14978.67838,5.901,0
8/27/2021,0,0,0,0,0,0,4001,6201,531.88,0,0,26472,14499.77809,5.901,0
8/28/2021,0,0,0,0,0,0,3595,5571,499.36,0,0,27087,14000.41809,5.901,0
8/29/2021,0,0,0,0,0,0,3945,6114,524.99,0,0,29042,13475.42809,5.901,0
8/30/2021,0,0,0,0,0,0,4005,6207,539.1435407,0,0,27227,12841.68455,5.901,0
8/31/2021,0,0,0,0,0,0,4019,6228,541.7086922,0,0,28802,12299.97585,5.901,0
9/1/2021,0,0,0,0,0,0,4067,6303,563.18,0,0,25637,13604.79585,5.901,0
9/2/2021,0,0,0,0,0,0,3734,5787,526.8,0,0,26680,15127.99585,5.901,0
9/3/2021,0,0,0,0,0,0,4152,6435,548.38,0,0,28215,14579.61585,5.901,0
9/4/2021,0,0,0,0,0,0,4166,6456,547.97,0,0,28862,14031.64585,5.901,0
9/5/2021,0,0,0,0,0,0,3852,5970,513.36,0,0,27142,14668.28585,5.901,0
9/6/2021,0,0,0,0,0,0,4144,6422,547.5729476,0,0,28739,12970.71291,5.901,0
9/7/2021,0,0,0,0,0,0,4175,6470,551.0631744,0,0,29674,14369.64973,5.901,0
9/8/2021,0,0,0,0,0,0,4152,6435,563.5159717,0,0,30174,14256.13376,5.901,0
9/9/2021,0,0,0,0,0,0,4119,6383,556.5148551,0,0,25971,14799.6189,5.901,0
9/10/2021,0,0,0,0,0,0,4125,6393,558,0,0,27533,16091.6189,5.901,0
9/11/2021,0,0,0,0,0,0,4132,6404,554.04,0,0,27584,15537.5789,5.901,0
9/12/2021,0,0,0,0,0,0,4113,6374,551.24,0,0,29237,14986.3389,5.901,0
9/13/2021,0,0,0,0,0,0,4151,6433,555.2290935,0,0,28761,14431.10981,5.901,0
9/14/2021,0,0,0,0,0,0,4157,6442,557.41014,0,0,30365,14923.69967,5.901,0
9/15/2021,0,0,0,0,0,0,4144,6422,564.0091803,0,0,29803,15609.69049,5.901,0
9/16/2021,0,0,0,0,0,0,4147,6427,565.5665284,0,0,26560,16043.66306,5.901,0
9/17/2021,0,0,0,0,0,0,3962,6140,546.04,0,0,28030,15497.62306,5.901,0
9/18/2021,0,0,0,0,0,0,4141,6418,571.38,0,0,29147,16326.24306,5.901,0
9/19/2021,0,0,0,0,0,0,4134,6407,568.83,0,0,30759,15757.41306,5.901,0
9/20/2021,0,0,0,0,0,0,4114,6376,570.5494289,0,0,27608,15186.86363,5.901,0
9/21/2021,0,0,0,0,0,0,4139,6414,569.8829109,0,0,29144,14616.98072,5.901,0
9/22/2021,0,0,0,0,0,0,4103,6359,554.7308723,0,0,30550,14062.24984,5.901,0
9/23/2021,0,0,0,0,0,0,4096,6348,556.6382058,0,0,27026,13537.57398,5.901,0
9/24/2021,0,0,0,0,0,0,3912,6063,536.03,0,0,28398,13001.54398,5.901,0
9/25/2021,0,0,0,0,0,0,4001,6201,545.43,0,0,30095,12456.11398,5.901,0
9/26/2021,0,0,0,0,0,0,4012,6218,548.55,0,0,29182,11907.56398,5.901,0
9/27/2021,0,0,0,0,0,0,4015,6222,546.7132478,0,0,29215,12510.85073,5.901,0
9/28/2021,0,0,0,0,0,0,4022,6233,546.4937879,0,0,28742,11964.35694,5.901,0
9/29/2021,0,0,0,0,0,0,4014,6221,540.8556588,0,0,30151,11405.47128,5.901,0
9/30/2021,0,0,0,0,0,0,4010,6215,532.5781507,0,0,26382,9700.24,5.901,0
10/1/2021,0,0,0,0,0,0,4038,6258,540.5,0,0,27833,11326.5,5.901,0
10/2/2021,0,0,0,0,0,0,4059,6290,541.04,0,0,29368,11785.46,5.901,0
10/3/2021,0,0,0,0,0,0,4062,6295,543.79,0,0,28998,12541.67,5.901,0
10/4/2021,0,0,0,0,0,0,4002,6202,536.83,0,0,29052,13504.84,5.901,0
10/5/2021,0,0,0,0,0,0,3908,6056,528.61,0,0,28135,14176.23,5.901,0
10/6/2021,0,0,0,0,0,0,3045,4719,408.29,0,0,25418,13767.94,5.901,0
10/7/2021,0,0,0,0,0,0,4083,6328,548.49,0,0,26205,14419.45,5.901,0
10/8/2021,0,0,0,0,0,0,4120,6385,550.3943246,0,0,27697,13869.05568,5.901,0
10/9/2021,433,684,0,75.34,0,0,4090,6338,557.24,0,0,29173,15636.47568,5.901,0
10/10/2021,2859,4519,0,430.18,0,0,3955,6129,535.81,0,0,30663,16670.48568,5.901,0
10/11/2021,2946,4657,0,442.587151,0,0,4016,6224,538.7950878,0,0,30241,15689.10344,5.901,0
10/12/2021,2241,3542,0,340.8725776,0,0,4009,6213,543.7197724,0,0,29854,16754.51109,5.901,0
10/13/2021,2959,4677,0,457.11,0,0,3904,6050,538.18,0,0,31647,16709.22109,5.901,0
10/14/2021,2978,4707,0,459.69,0,0,3976,6162,547.63,0,0,29794,15676.29333,5.901,0
10/15/2021,2805,4434,0,425.32,0,0,3969,6151,544.61,0,0,31470,14706.36333,44.901,0
10/16/2021,3005,4750,0,463.23,0,0,4010,6215,550.97,0,0,29970,13692.16333,95.901,0
10/17/2021,2902,4587,0,446.36,0,0,4019,6228,549.8,0,0,30290,13496.00333,168.901,0
10/18/2021,3010,4758,0,458.55,0,0,4006,6208,542.68,0,0,30203,12494.77333,258.901,0
10/19/2021,3032,4793,0,463.12,0,0,3971,6154,480.82,0,0,29349,11550.83333,223.648,0
10/20/2021,3012,4761,0,460.49,0,0,4023,6235,486.46,0,0,28021,11601.94333,153.177,0
10/21/2021,3013,4763,0,459.66,0,0,4002,6202,479.03,53.964,0,23885,11913.25333,110.937,0
10/22/2021,3005,4750,0,462.32,0,0,4007,6210,476.85,72.252,0,25654,11874.08333,38.685,0
10/23/2021,3002,4745,0,460.24,0,0,4004,6205,547.3,0,0,27090,12066.54333,93.685,0
10/24/2021,3017,4409,360,453.71,0,0,4005,6207,536.21,0,0,28896,11076.62333,135.685,0
10/25/2021,3029,4518,270,461.93,0,0,4005,6207,544.98,0,0,28565,11069.71333,189.685,0
10/26/2021,3022,4462,315,463.27,0,0,4022,6233,548.93,0,0,29138,11257.51333,189.685,0
10/27/2021,2176,3215,225,325.2374639,0,0,4012,6218,545.3883671,0,0,28129,12286.88749,258.685,0
10/28/2021,3036,4799,0,463.1363636,0,0,4066,6301,551.9801126,0,0,26349,11271.77102,368.685,0
10/29/2021,3011,4759,0,461.3,0,0,4026,6239,487.3,0,0,27768,7046.018035,361.285,0
10/30/2021,3020,4774,0,464.5,0,0,4032,6249,487.81,0,0,29355,6093.708035,333.885,0
10/31/2021,3028,4501,285,466.92,0,0,4035,6253,487.18,0,0,29460,5139.608035,292.695,0
11/1/2021,3005,4750,0,461.32,0,0,3965,6145,472.27,0,0,29191,12537.81803,244.795,0
11/2/2021,3037,4801,0,468.04,0,0,4028,6242,482.98,10.599,0,30416,13786.79803,219.795,0
11/3/2021,3026,4414,345,465.49,0,0,4025,6238,466.01,115.032,0,30043,12855.29803,194.763,0
11/4/2021,3012,4422,315,462.5917338,0,0,4050,6277,463.1368063,16.2,0,29765,12779.56949,142.563,0
11/5/2021,3022,4657,120,463.9007212,0,0,4056,6286,460.0595369,35.5,0,26332,11855.60924,88.063,0
11/6/2021,3052,4464,360,467.2356096,0,0,4076,6317,464.66,113.063,0,27557,11773.71363,37.863,0
11/7/2021,2992,4369,360,460,0,0,4107,6365,483.89,29.55,0,28884,11879.82363,35.313,0
11/8/2021,3001,4414,330,459.2,0,0,4030,6246,493.69,80,0,29721,11376.93363,40.313,0
11/9/2021,2974,4566,135,456.27,0,0,4103,6359,480.8,24.2,0,25959,12739.86363,31.113,0
11/10/2021,2980,4350,360,458.4,0,0,4105,6362,533.73,40.113,0,27137,12747.73363,0,0
11/11/2021,2965,4357,330,454.22,0,0,4108,6366,565.51,0,0,27809,13028.00363,0,0
11/12/2021,2986,4360,360,456.76,0,0,4108,6366,563.3468547,0,0,29247,13857.89677,0,0
11/13/2021,3002,4385,360,458.61,0,0,4115,6377,564.6719423,0,0,30716,15034.61483,0,0
11/14/2021,3005,4540,210,458.75,0,0,4105,6362,564.43,0,0,29024,15061.43483,0,0
11/15/2021,2274,3595,0,339.69,0,0,0,0,0,0,0,28431,16821.74483,0,0
11/16/2021,3006,4752,0,459.24,0,0,0,0,0,0,0,28224,17162.50483,0,0
11/17/2021,3012,4761,0,461.14,0,0,0,0,0,0,0,27928,17901.36483,0,0
11/18/2021,3018,4771,0,462.5225563,0,0,0,0,0,0,0,27839,17438.84227,0,0
11/19/2021,3012,4761,0,462.36,0,0,0,0,0,0,0,27783,16976.48227,0,0
11/20/2021,3002,4745,0,460.12,0,0,0,0,0,0,0,27704,16516.36227,0,0
11/21/2021,2974,4701,0,456.46,0,0,0,0,0,0,0,27856,16059.90227,0,0
11/22/2021,3002,4745,0,459.54,0,0,0,0,0,0,0,27436,15600.36227,0,0
11/23/2021,3006,4752,0,459.67,0,0,0,0,0,0,0,24396,17490.69227,0,0
11/24/2021,3012,4761,0,459.95,0,0,0,0,0,0,0,24268,19030.74227,0,0
11/25/2021,3014,4764,0,460.75,0,0,0,0,0,0,0,23634,19784.56753,0,0
11/26/2021,3015,4766,0,464.61,0,0,0,0,0,0,0,23730,21569.95753,0,0
11/27/2021,3010,4758,0,464.71,0,0,0,0,0,0,0,21436,23605.24753,0,0
11/28/2021,3001,4744,0,462.07,0,0,0,0,0,0,0,20371,23143.17753,0,0
11/29/2021,2920,4616,0,449.82,0,0,0,0,0,0,0,20755,22626.05856,0,0
11/30/2021,2951,4665,0,454.87,0,0,0,0,0,0,0,21115,11066.66918,0,0
12/1/2021,2968,4692,0,457.91,0,0,0,0,0,0,0,21262,22768.21918,53,0
12/2/2021,3006,4752,0,463.54,0,0,1110,1720,193.97,0,0,19610,22110.70918,0,0
12/3/2021,3002,4610,135,462.5976548,0,0,3980,6168,527.14,0,0,16553,21120.97153,0,0
12/4/2021,2962,4367,315,455.1410511,0,0,4038,6258,544.03,0,0,17403,20121.80048,0,0
12/5/2021,3003,4447,300,462.21,0,0,3728,5777,513.9,0,0,17938,19145.69048,0,0
12/6/2021,3012,4431,330,463.54,0,0,4032,6249,547.17,0,0,19070,18134.98048,0,0
12/7/2021,3018,4501,270,464.22,0,0,3908,6056,531.34,0,0,18299,17139.42048,0,0
12/8/2021,2929,4450,180,449.42,0,0,3902,6047,529.37,0,0,18896,16160.63048,0,0
12/9/2021,3023,4568,210,465.42,0,0,4096,6348,554.3,0,0,17348,15140.91048,0,0
12/10/2021,3002,4400,345,462.54,0,0,4142,6419,560.8,0,0,18191,14692.52048,0,0
12/11/2021,2932,4275,360,452.0775579,0,0,4135,6408,557.82,0,0,19663,15301.65292,0,0
12/12/2021,2980,4365,345,458.96,0,0,4106,6363,551.99,0,0,20787,14842.25292,360,0
12/13/2021,2902,4437,150,447.7906195,0,0,1683,2608,207.82,0,0,21535,14719.59044,425.619,0
12/14/2021,2646,4003,180,405.25,0,0,2170,3363,206.87,0,0,22061,14962.61044,455.619,0
12/15/2021,3012,4761,0,457.95,0,0,3962,6140,485.27,0,0,20283,14019.39044,384.219,0
12/16/2021,3018,4635,285,454.32,0,0,4092,6342,465.03,0,0,19916,14180.04044,384.219,0
12/17/2021,3014,4764,0,456.4,0,0,3102,4807,356.61,0,0,21184,15467.03044,386.035,0
12/18/2021,3016,4767,0,457.69,0,0,4185,6486,475.29,63.795,0,21341,14534.05044,346.435,0
12/19/2021,1859,2939,0,281.83,0,0,4132,6404,463.97,126,0,22328,14568.25044,270.435,0
12/20/2021,2437,3372,0,339.4995591,0,0,4002,6202,464.7463739,0,0,23907,14664.0045,121.705,0
12/21/2021,0,0,0,0,0,0,4030,6246,471.24,99,0,21621,14209.44198,112.705,0
12/22/2021,0,0,0,0,0,0,3939,6104,488.33,60.75,0,22765,13721.11406,146.955,0
12/23/2021,0,0,0,0,0,0,4108,6366,553.4910556,0,0,23613,13167.62301,146.955,0
12/24/2021,0,0,0,0,0,0,4104,6360,553.9,0,0,24540,12651.82224,146.955,0
12/25/2021,0,0,0,0,0,0,4019,6228,479.29,12,0,24582,12172.53224,59.205,0
12/26/2021,0,0,0,0,0,0,4025,6238,473.63,89.205,0,25814,11698.90224,31.219,0
12/27/2021,0,0,0,0,0,0,4075,6315,529.54,0,0,25604,11170.0678,0,0
12/28/2021,0,0,0,0,0,0,4106,6363,553.78,0,0,22706,10616.2878,0,0
12/29/2021,0,0,0,0,0,0,4121,6387,555.16,0,0,23816,10066.7478,0,0
12/30/2021,0,0,0,0,0,0,4186,6487,565.52,0,0,24774,9501.227796,0,0
12/31/2021,0,0,0,0,0,0,4190,6493,565.4,0,0,25787,8936.80152,0,0
1/1/2022,0,0,0,0,0,0,4202,6512,565.29,0,0,26790,11135.52152,0,0
1/2/2022,0,0,0,0,0,0,4190,6493,563.01,0,0,27795,10572.51152,0,0
1/3/2022,0,0,0,0,0,0,4171,6464,559.47,0,0,28204,10013.04152,0,0
1/4/2022,0,0,0,0,0,0,4146,6425,557.47,0,0,25696,9455.57152,0,0
1/5/2022,0,0,0,0,0,0,4180,6478,560.28,0,0,26724,8895.29152,160,0
1/6/2022,0,0,0,0,0,0,4055,6284,479.87,0,0,28147,10555.42152,186.92,0
1/7/2022,0,0,0,0,0,0,3905,6052,476.08,0,0,29784,11159.34152,237.22,0
1/8/2022,0,0,0,0,0,0,4015,6222,470.75,0,0,29692,12858.59152,217.02,0
1/9/2022,0,0,0,0,0,0,4082,6326,478.21,0,0,30397,13580.38152,177.015,0
1/10/2022,0,0,0,0,0,0,4090,6338,472.26,0,0,29037,13108.12152,139.515,0
1/11/2022,0,0,0,0,0,0,4102,6357,477.3,0,0,30297,13680.82152,140.64,0
1/12/2022,0,0,0,0,0,0,4105,6362,469.17,115.655,0,29326,13211.65152,114.985,0
1/13/2022,0,0,0,0,0,0,4108,6366,485.38,0,0,30142,12726.27152,137.12,0
1/14/2022,0,0,0,0,0,0,4106,6363,466.14,0,0,31461,12319.04152,195.77,0
1/15/2022,0,0,0,0,0,0,4110,6369,465.91,0,0,30652,12853.13152,186.27,0
1/16/2022,0,0,0,0,0,0,4115,6377,461.16,131.8,0,31925,13591.97152,134.47,0
1/17/2022,0,0,0,0,0,0,4112,6373,457.94,0,0,33143,13134.03152,120.57,0
1/18/2022,0,0,0,0,0,0,4075,6315,466.35,102.345,0,29382,12667.68152,93.679,0
1/19/2022,0,0,0,0,0,0,4065,6300,527.87,0,0,28527,12139.81152,155.17,0
1/20/2022,0,0,0,0,0,0,4078,6320,552.541,0,0,25184,11587.27052,252.17,0
1/21/2022,0,0,0,0,0,0,3710,5750,493.01,0,0,26421,12294.26052,306.595,0
1/22/2022,0,0,0,0,0,0,3966,6146,456.634,0,0,28159,12837.62652,265.995,0
1/23/2022,0,0,0,0,0,0,4090,6338,462.16,0,0,29480,12375.46652,196.715,0
1/24/2022,0,0,0,0,0,0,4002,6202,455.2553552,0,0,30241,13970.21116,150.465,0
1/25/2022,0,0,0,0,0,0,4020,6230,448.63,88,0,31901,14558.84788,78.665,0
1/26/2022,0,0,0,0,0,0,4002,6202,452.11,0,0,33528,15006.73788,0,0
1/27/2022,1623,2385,180,242.59,0,0,3028,4693,393.98,0,0,32574,16470.16788,31.57,0
1/28/2022,2616,3735,400,405.65,0,0,4028,6242,476.81,0,0,33446,10552.14052,0,0
1/29/2022,2924,4182,440,449.76,0,0,3788,5870,515.84,0,0,34860,9586.54052,60,0
1/30/2022,2936,4521,120,451.64,0,0,1508,2337,190.3,0,0,34713,8944.60052,65.928,0
1/31/2022,2966,4208,480,450.4,0,0,4005,6207,525.16,0,0,36259,7969.04052,0,0
2/1/2022,2972,4378,320,458.4085529,0,0,4018,6227,561.26,0,0,35150,13246.61197,0,0
2/2/2022,2975,4243,460,459.523,0,0,4116,6379,566.2,0,0,36172,12220.88897,0,0
2/3/2022,2980,4470,240,459.79,0,0,4145,6424,572.31,0,0,33692,11188.78897,0,0
2/4/2022,2952,4286,380,456.294,0,0,3905,6052,556.55,0,0,33892,11175.94497,0,0
2/5/2022,2905,4192,400,450.12,0,0,4155,6439,571.64,0,0,34287,11354.18497,0,0
2/6/2022,2931,4213,420,452.2885333,0,0,4160,6447,570.19,0,0,35016,11231.70643,0,0
2/7/2022,2972,4218,480,458.74,0,0,4170,6462,570.09,0,0,36153,10202.87643,90,0
2/8/2022,2982,4394,320,459.42,0,0,4128,6397,503.63,0,0,33600,11499.82643,127.747,0
2/9/2022,2975,4418,285,458.5764,0,0,4132,6404,546.99,0,0,33576,10494.26003,0,0
2/10/2022,2792,4248,165,431.84,0,0,4102,6357,562.22,0,0,30548,11700.20003,0,0
2/11/2022,3002,4430,315,471.14,0,0,4125,6393,537.23,0,0,30997,10731.83003,7.3,0
2/12/2022,3004,4388,360,461.43,0,0,4112,6373,498.19,26,0,32537,10572.21003,6.8,0
2/13/2022,2845,4789,360,440.06,0,0,4134,6407,511.52,0,0,33656,9620.630034,70.52,0
2/14/2022,3008,4395,360,465.01,0,0,4144,6422,523.27,0,0,35322,11082.35003,79.02,0
2/15/2022,3015,4766,0,469.34,0,0,4138,6413,524.1,0,0,33968,10088.91003,135.538,0
2/16/2022,3018,4771,0,465.08,0,0,4145,6424,480.71,28.895,0,35633,9143.120034,138.643,0
2/17/2022,3022,4777,0,464.28,0,0,4151,6433,544.4068872,0,0,36706,9334.433147,248.818,0
2/18/2022,3028,4786,0,469.97,0,0,4162,6450,479.623,0,0,32768,9584.840147,244.693,0
2/19/2022,3022,4777,0,469.95,0,0,4170,6462,481.93,0,0,34397,9732.960147,237.843,0
2/20/2022,3026,4783,0,470.09,0,0,4175,6470,480.54,0,0,34731,9882.330147,213.573,0
2/21/2022,3018,4771,0,464.08,0,0,4177,6473,495.91,43.153,0,36000,11203.48293,0,0
2/22/2022,3001,4744,0,470.6,0,0,4105,6362,512.82,0,0,37315,12770.06293,37.79,0
2/23/2022,3005,4750,0,471.64,0,0,4145,6424,461.16,30,0,36979,13037.26293,0,0
2/24/2022,2501,3953,0,375.39,0,0,4174,6469,528.95,15,0,33996,12132.92293,18,0
2/25/2022,3004,4748,0,462.3,0,0,4178,6475,533.878,0,0,35320,12036.74493,62.45,0
2/26/2022,2805,4434,0,430.54,0,0,4188,6490,495.76,25,0,36869,11110.44493,0,0
2/27/2022,3004,4748,0,455.98,0,0,4190,6493,568.34,0,0,38269,11186.12493,25,0
2/28/2022,2952,4666,0,457.189,0,0,4192,6497,496.49,39.284,0,34360,9076.140147,0,0
3/1/2022,2932,4275,360,458.29,0,0,4205,6517,569,0,0,35819,15898.21015,0,0
3/2/2022,2902,4227,360,451.91,0,0,4208,6521,568.47,0,0,36925,14877.83015,0,0
3/3/2022,2968,4392,300,460.53,0,0,4202,6512,498.96,0,0,35910,14788.34015,57.5,0
3/4/2022,2956,4373,300,461.52,0,0,4168,6459,522.53,46,0,36156,13804.29015,0,0
3/5/2022,2986,4405,315,466.8,0,0,4204,6515,569.74,0,0,36392,13917.75015,0,0
3/6/2022,2975,4403,300,464.71,0,0,4208,6521,576.18,0,0,35681,13976.86015,40,0
3/7/2022,2964,4370,315,462.82,0,0,4216,6534,584.96,0,0,35972,14929.08015,40,0
3/8/2022,2982,4564,150,464.23,0,0,4240,6571,553.1,40,0,32928,13911.75015,0,0
3/9/2022,2974,4341,360,463.3,0,0,4235,6563,490.99,15,0,34217,14107.46015,0,0
3/10/2022,2986,4360,360,448.32,0,0,4238,6568,485.04,30,0,35496,14991.79638,0,0
3/11/2022,2926,4295,330,440.97,0,0,4232,6559,505.0437361,16,0,36510,14810.47306,0,0
3/12/2022,2932,4290,345,446.09,0,0,4245,6579,509.5152936,17,0,37415,16114.86776,0,0
3/13/2022,2915,4398,210,445.19,0,0,3004,4655,418.0824451,0,0,37502,16201.59532,131,0
3/14/2022,2953,4518,150,437.37,0,0,4047,6272,584.61,0,0,34699,16249.61089,131,0
3/15/2022,2973,4699,0,444.44,0,0,4017,6225,493.43,0,0,31633,16941.74089,200.75,0
3/16/2022,2983,4715,0,457.6602261,0,0,3177,4924,385.36,0,0,31841,16098.72066,177.87,0
3/17/2022,2969,4693,0,479.44,0,0,3677,5698,430.33,0,0,34218,15188.95066,165.282,0
3/18/2022,2964,4685,0,484.82,0,0,3715,5757,446.32,0,0,35639,14257.81066,174.782,0
3/19/2022,2975,4703,0,474.1360482,0,0,4008,6211,479.65,0,0,37239,13304.02462,125.782,0
3/20/2022,2979,4709,0,447.83,0,0,4062,6295,491.72,103,0,38698,12364.47462,112.782,0
3/21/2022,3002,4745,0,451.27,0,0,4086,6332,480.31,34,0,37199,11432.89462,0,0
3/22/2022,2867,4532,0,444.73,0,0,3915,6067,485.69,0,0,38459,10505.36462,35.59,0
3/23/2022,2901,4586,0,437.65,0,0,4010,6215,480.63,0,0,39258,9587.084616,60.9,0
3/24/2022,2917,4611,0,436.28,0,0,4029,6244,451.9929304,28.5,0,39858,8723.245113,0,0
3/25/2022,2907,4595,0,446.212,0,0,4086,6332,517.75,30,0,35952,9099.283113,0,0
3/26/2022,2979,4709,0,460.25,0,0,4112,6373,489.98,0,0,37248,9479.053113,0,0
3/27/2022,3015,4766,0,468.41,0,0,4092,6342,531.81,20.3,0,38245,9478.833113,29.7,0
3/28/2022,2957,4674,0,460.11,0,0,4105,6362,508.04,10.2,0,35364,10640.68311,19.5,0
3/29/2022,2985,4718,0,468.15,0,0,4102,6357,517.4,17,0,34851,10405.13311,15.5,0
3/30/2022,3014,4764,0,471.77,0,0,4117,6380,501.74,30.5,0,35824,9431.623113,0,0
3/31/2022,3017,4769,0,479.8029666,0,0,4190,6493,539.43,22.599,0,34275,4362.390147,0,0
4/1/2022,3007,4753,0,478.68,0,0,4205,6517,607.92,0,0,34789,7370.990147,52,0
4/2/2022,2955,4671,0,460.76,0,0,4180,6478,518.9800723,0,0,36261,7591.250074,0,0
4/3/2022,2936,4641,0,457.02,0,0,4178,6475,550.9799277,0,0,38077,7433.250147,0,0
4/4/2022,3003,4339,408,459.07,0,0,4228,6552,556.84,0,0,37356,7447.340147,0,0
4/5/2022,3005,4512,238,458.67,0,0,4204,6515,522.88,30,0,35721,8505.790147,0,0
4/6/2022,3008,4381,374,444.87,0,0,4186,6487,571.07,0,0,37111,8189.850147,83.8,0
4/7/2022,3002,4592,153,471.12,0,0,4056,6286,530.11,0,0,34070,7188.620147,128.55,0
4/8/2022,2985,4310,408,468.89,0,0,4082,6326,479.95,35,0,35654,8299.785155,50.5,0
4/9/2022,2951,4257,408,462.49,0,0,4060,6292,500.7,0,0,37328,9186.595155,0,0
4/10/2022,2952,4394,272,466.63,0,0,3906,6053,572.39,0,0,36824,9277.575155,63,0
4/11/2022,2961,4391,289,468.52,0,0,3908,6056,520.59,0,0,36619,8288.465155,0,0
4/12/2022,2932,4635,0,447.5,0,0,3902,6047,572.51,0,0,36656,9268.455155,0,0
4/13/2022,2925,4624,0,445.78,0,0,3934,6097,470.24,0,0,38303,9552.435155,19.5,0
4/14/2022,2955,4671,0,455.45,0,0,4014,6221,481,30,0,34633,9715.985155,0,0
4/15/2022,2982,4714,0,459.87,0,0,4084,6329,463.31,0,0,36335,9942.805155,0,0
4/16/2022,2990,4726,0,443.3526917,0,0,4104,6360,495.81,33,0,37775,12003.64246,0,0
4/17/2022,2975,4703,0,447,0,0,4114,6376,447.22,50,0,36663,12009.42246,0,0
4/18/2022,2960,4679,0,444.42,0,0,4102,6357,526.55,0,0,38169,12238.45246,0,0
4/19/2022,2942,4650,0,441.98,0,0,3715,5757,480.94,54,0,38827,13715.53246,0,0
4/20/2022,2702,4271,0,417.06,0,0,4105,6362,517.8,0,0,38423,13810.67246,47.734,0
4/21/2022,2978,4588,119,458.21,0,0,4102,6357,428.14,50,0,34517,14524.32246,0,0
4/22/2022,2982,4357,357,458.25,0,0,4184,6484,471.87,0,0,33258,13594.20246,75.2,0
4/23/2022,2964,4277,408,452.84,0,0,4190,6493,550.91,0,0,34696,12590.45246,170.2,0
4/24/2022,2975,4295,408,455.03,0,0,4184,6484,444.53,0,0,36447,11690.89246,162.3,0
4/25/2022,2982,4425,289,451.89,0,0,4116,6379,434.35,100,0,35890,10804.65246,134.1,0
4/26/2022,2986,4363,357,452.18,0,0,4104,6360,439.5,0,0,36782,10041.70246,110.44,0
4/27/2022,2956,4282,391,455.07,0,0,4115,6377,543.82,0,0,36946,9042.812463,248.44,0
4/28/2022,2966,4501,187,455.9,0,0,4005,6207,427.74,145.8,0,34510,9530.392463,201.64,0
4/29/2022,2975,4703,0,456.26,0,0,4015,6222,432.44,140.5,0,36291,7241.687455,200.529,0
4/30/2022,2952,4666,0,453.22316,0,0,4045,6269,447.8625025,127.404,0,32777,6340.59336,109.556,0
5/1/2022,2972,4698,0,445.6051932,0,0,4075,6315,464.8495022,155.529,0,34107,10394.37866,97.027,0
5/2/2022,2902,4587,0,435.11,0,0,4155,6439,596.57,0,0,34774,10912.69866,145.027,0
5/3/2022,2911,4601,0,436.08,0,0,3750,5812,435.67,145.2,0,33563,10040.94866,106.827,0
5/4/2022,2902,4587,0,441.82,0,0,4012,6218,449.62,162.827,0,34662,9149.508665,95,0
5/5/2022,2906,4594,0,443.35,0,0,4088,6335,463.44,158.2,0,32764,8242.718665,62.8,0
5/6/2022,2965,4687,0,471.73,0,0,4024,6236,464.54,149.5,0,34378,7306.448665,115.3,0
5/7/2022,2985,4718,0,474.37,0,0,4110,6369,528.09,80,0,33763,7583.988665,261.3,0
5/8/2022,3004,4748,0,471.25,0,0,4118,6382,483.31,145.828,0,34968,9376.768665,201.472,0
5/9/2022,3009,4756,0,457.11,0,0,4115,6377,527.81,89.372,0,33754,8391.848665,136.1,0
5/10/2022,3003,4747,0,456.65,0,0,4144,6422,527.06,91.4,0,32419,8638.138665,100.7,0
5/11/2022,3015,4766,0,462.49,0,0,4166,6456,531.67,87.86,0,33039,8763.978665,117.84,0
5/12/2022,3018,4771,0,495.87,0,0,4228,6552,598.86,16.3,0,28664,7669.248665,169.54,0
5/13/2022,2947,4658,0,484.5873541,0,0,4105,6362,556.93,69.312,0,29894,7427.731311,192.428,0
5/14/2022,2951,4665,0,487.2421475,0,0,4002,6202,449.72,128,0,31327,7390.769163,145.428,0
5/15/2022,2902,4587,0,480.06,0,0,3771,5844,565.27,0,0,33728,8705.439163,254.43,0
5/16/2022,2427,3836,0,413.22,0,0,3921,6077,539.5,0,0,32710,7752.719163,404.43,0
5/17/2022,2843,4494,0,443.71,0,0,4073,6312,579.09,0,0,29734,8556.663712,399.815,0
5/18/2022,2955,4671,0,499.45,0,0,4061,6294,601.66,0,0,31440,8555.553712,399.815,0
5/19/2022,2986,4720,0,511.73,0,0,4196,6503,608.8700299,0,0,32927,8784.953682,399.815,0
5/20/2022,2976,4704,0,503.1,0,0,4206,6518,556.7272555,85.4,0,32039,7734.882831,314.415,0
5/21/2022,2982,4714,0,519.86,0,0,4201,6511,575.87,0,0,33615,7919.152831,401.415,0
5/22/2022,2988,4723,0,521.9,0,0,4165,6455,604.69,55,0,32155,9172.562831,487.415,0
5/23/2022,2991,4728,0,526.7,0,0,4010,6215,573.87,64.8,0,30842,9451.986776,657.415,0
5/24/2022,2974,4701,0,524.13,0,0,3402,5272,530.86,44,0,29728,9696.996776,749.415,0
5/25/2022,2992,4729,0,524.34,0,0,3885,6021,546.89,68.03,0,29946,8756.259374,952.168,0
5/26/2022,3001,4744,0,477.44,0,0,3910,6060,501.39,90.3,0,31941,10206.82937,861.868,0
5/27/2022,2906,4414,180,465.952,0,0,3935,6098,503.53,66.5,0,28947,10517.34737,901.368,0
5/28/2022,2992,4249,480,520.99,0,0,4003,6204,525.3381467,90.2,0,30825,11401.01923,944.168,0
5/29/2022,2974,4441,260,517,0,0,3963,6142,509.57,125,0,29289,11604.44923,941.168,0
5/30/2022,2984,4377,340,508.78,0,0,3904,6050,522.68,109.3,0,28925,10572.98923,878.715,0
5/31/2022,2970,4695,0,507.823,0,0,3814,5911,510.3,96.58,0,30792,2154.687745,897.38,0
6/1/2022,2956,4673,0,509.29,0,0,3810,5905,525.804,66.85,0,27334,8352.993745,987.53,0
6/2/2022,2097,3315,0,374.57,0,0,4015,6222,506.12,123.5,0,29020,7472.303745,937.03,0
6/3/2022,2542,4018,0,463.28,0,0,3903,6049,519.66,106.5,0,27994,7639.363745,933.53,0
6/4/2022,2558,4043,0,462.94,0,0,4005,6207,533.32,115.2,0,29734,7743.103745,900.33,0
6/5/2022,2942,4650,0,518.63,0,0,4071,6309,583.53,61,0,28847,6640.943745,925.33,0
6/6/2022,2975,4703,0,510.84,0,0,4015,6222,498.85,128.46,0,30852,6731.253745,884.87,0
6/7/2022,2968,4692,0,509.63,0,0,4122,6388,591.3,40.5,0,29824,7950.323745,950.37,0
6/8/2022,2942,4650,0,506.34,0,0,3522,5458,477.14,101.5,0,28949,6966.843745,953.87,0
6/9/2022,2922,4619,0,519.35,0,0,4055,6284,527.79,103.78,0,27050,8385.623745,984.09,0
6/10/2022,2915,4608,0,520.16,0,0,4018,6227,541.2123646,80.2,0,25361,8524.251381,998.89,0
6/11/2022,2912,4603,0,511.32,0,0,4107,6365,533.52,110.3,0,26352,7479.411381,1053.59,0
6/12/2022,2924,4622,0,513.1,0,0,4181,6480,534.11,122.1,0,28135,6432.201381,1066.49,0
6/13/2022,2903,4589,0,511.37,0,0,4188,6490,507.53,144.3,0,30014,5413.301381,1031.19,0
6/14/2022,2908,4597,0,518.84,0,0,4014,6221,471.22,145.5,0,30505,6713.241381,1025.69,0
6/15/2022,2914,4606,0,521.01,0,0,3815,5912,509.02,116.8,0,30625,8083.211381,995.836,0
6/16/2022,2808,4439,0,497.3718806,0,0,4122,6388,490.68,134.85,0,28813,8145.1595,977.714,0
6/17/2022,2902,4587,0,524.98,0,0,4207,6520,535.682244,92.5,0,27847,7868.423313,1016.214,0
6/18/2022,2905,4592,0,526.38,0,0,4247,6582,545.7816977,85,0,29624,6892.261615,1091.214,0
6/19/2022,2852,4508,0,518.5837072,0,0,4114,6376,519.4642277,97.3,0,31501,5854.21368,1115.914,0
6/20/2022,2802,4429,0,510.17,0,0,4204,6515,505.3649804,128.4,0,31807,7136.6787,1032.514,0
6/21/2022,2812,4445,0,513.14,0,0,4251,6588,519.54,117.2,0,30726,6103.9987,1057.314,0
6/22/2022,2912,4603,0,521.756,0,0,4265,6610,500.656,140.2,0,28869,7271.5867,1040.114,0
6/23/2022,2862,4524,0,510.1,0,0,4205,6517,493.51,141.16,0,26814,7567.226885,1069.954,0
6/24/2022,2845,4497,0,506.2,0,0,3610,5595,506,55.1,0,26148,6555.026885,1099.854,0
6/25/2022,2862,4524,0,507.7,0,0,2410,3735,481.9,55.2,0,24200,6795.426885,1154.654,0
6/26/2022,2851,4507,0,506.7,0,0,4220,6540,539.6,81.5,0,25441,6679.126885,1264.154,0
6/27/2022,2802,4429,0,510.61,0,0,4371,6774,622.27,0,0,27213,6846.246885,1323.154,0
6/28/2022,2752,4350,0,508.4430896,0,0,4275,6625,553.32,105,0,27819,6884.483796,1218.154,0
6/29/2022,2732,4318,0,505.5173526,0,0,4205,6517,506,136.2,0,26737,3610.993213,1194.247,0
6/30/2022,2672,4224,0,476.0130665,0,0,4201,6511,529.65,104.1,0,22147,2663.630147,1208.763,0
7/1/2022,2655,4197,0,492.56,0,0,4180,6478,509.41,120.3,0,23586,7250.760147,1268.463,0
7/2/2022,2624,4148,0,483.98,0,0,4202,6512,503.44,130.1,0,25325,7173.340147,1253.363,0
7/3/2022,2615,4134,0,485.3220476,0,0,4152,6435,495.25,131,0,24513,6192.768099,1249.363,0
7/4/2022,2620,4141,0,488.2,0,0,4103,6359,492.83,126.2,0,26644,5211.738099,1264.163,0
7/5/2022,2612,4129,0,492.09,0,0,3015,4673,525.04,22.4,0,28328,6314.608099,1331.763,0
7/6/2022,2610,4126,0,490.99,0,0,3120,4835,473.94,0,0,26243,6139.678099,1331.763,0
7/7/2022,2127,3362,0,677.48,0,0,2020,3131,354.96,0,0,25408,5107.238099,1331.763,0
7/8/2022,2780,4394,0,510.13,0,0,0,0,0,0,0,25842,4597.108099,1331.763,0
7/9/2022,2782,4398,0,501.71,0,0,0,0,0,0,0,25750,4095.398099,1331.763,0
7/10/2022,2781,4396,0,508.76,0,0,2136,3310,345.4423644,0,0,24786,4141.195735,1331.763,0
7/11/2022,2770,4379,0,468.36,0,0,4031,6247,509.87,106.1,0,25821,3962.965735,1271.663,0
7/12/2022,2740,4331,0,488.63,0,0,3991,6185,478.7066719,140,0,25061,4195.629063,1131.663,0
7/13/2022,2765,4371,0,489.623006,0,0,3911,6061,465.1776222,140,0,24694,4448.438435,1110.663,0
7/14/2022,2776,4388,0,488.62,0,0,4002,6202,481.9,149,0,26556,4734.54132,1080.663,0
7/15/2022,2812,4445,0,510.25,0,0,3702,5737,458.83,125,0,25375,4705.46132,1061.663,0
7/16/2022,2814,4448,0,512.96,0,0,4072,6311,494.15,125.1,0,27452,5608.35132,1086.563,0
7/17/2022,2802,4429,0,511.15,0,0,4102,6357,478.62,150.3,0,27578,4618.58132,1036.263,0
7/18/2022,2812,4445,0,479.39,0,0,4062,6295,482.81,140.3,0,29361,4566.38132,945.963,0
7/19/2022,2804,4072,360,476.7,0,0,4102,6357,509.37,110,0,31177,4680.31132,909.53,0
7/20/2022,2844,4226,270,478.05,0,0,4113,6374,478.2,150,0,29580,4784.06132,826.53,0
7/21/2022,2802,3949,480,485.84,0,0,3949,6120,489.8648278,120.3,0,31626,3808.356492,706.23,0
7/22/2022,2812,4325,120,510.09,0,0,4125,6393,605.87,0,0,27510,3492.396492,741.23,0
7/23/2022,2805,3954,480,507.72,0,0,4105,6362,521.5155757,105.1,0,29333,3463.160916,636.13,0
7/24/2022,2789,3929,480,483.81,0,0,4123,6390,510.68,120.5,0,30942,4938.670916,531.63,0
7/25/2022,2775,4066,320,505.46,0,0,4118,6382,492.77,135,0,28501,6090.440916,479.63,0
7/26/2022,2804,4052,380,510.37,0,0,4108,6366,483.96,146.2,0,28600,5960.000916,419.43,0
7/27/2022,2791,3992,420,500.13,0,0,4114,6376,483.43,145,0,28973,4976.440916,355.43,0
7/28/2022,2802,4429,0,509.84,0,0,4144,6422,492.74,134.2,0,27254,5863.860916,275.23,0
7/29/2022,2405,3802,0,464.34,0,0,4147,6427,490.11,138,0,28672,3640.690916,171.52,0
7/30/2022,2745,4339,0,509.67,0,0,4107,6365,520.6498836,115,0,26953,3421.731032,128.247,0
7/31/2022,2730,4315,0,483.1,0,0,4041,6263,520.53,100.624,0,29324,2423.711032,27.623,0
8/1/2022,2702,4271,0,496.23,0,0,4128,6397,521.94,110,0,30831,6118.381032,57.623,0
8/2/2022,2710,4284,0,504.51,0,0,4095,6346,562.3,65.2,0,30711,6401.571032,121.423,0
8/3/2022,2712,4287,0,506.69,0,0,4082,6326,573.37,48.3,0,31439,6121.511032,180.123,0
8/4/2022,2710,4284,0,508.12,0,0,4025,6238,541.83,110,0,28807,6111.561032,169.123,0
8/5/2022,2714,4290,0,515.83,0,0,3945,6114,530.85,118.536,0,31154,6114.881032,92.587,0
8/6/2022,2707,4279,0,511.045,0,0,4026,6239,560.29,95.3,0,30809,5043.546032,53.287,0
8/7/2022,2702,4271,0,510.45,0,0,4180,6478,566.1,90.7,0,26519,5216.996032,57.587,0
8/8/2022,2712,3867,420,509.72,0,0,4308,6676,555.66,100,0,22639,6311.616032,10.587,0
8/9/2022,2718,3816,480,490.53,0,0,4309,6678,629.96,7,0,22438,7440.796032,127.587,0
8/10/2022,2705,3936,340,489.12,0,0,4324,6701,630.94,0,0,22208,8820.736032,295.587,0
8/11/2022,2716,4033,260,492.48,0,0,4331,6712,553.69,103,0,20453,9904.566032,325.587,0
8/12/2022,2718,3816,480,491.25,0,0,4265,6610,556.32,87.1,0,22590,11416.99603,325.487,0
8/13/2022,2715,3832,460,492.13,0,0,4329,6709,564.01,90.3,0,24013,12060.85603,335.187,0
8/14/2022,2720,3820,480,496.23,0,0,4328,6707,560.22,101.2,0,25368,13674.40603,302.987,0
8/15/2022,2712,3887,400,492.15,0,0,3926,6084,523.11,65.2,0,26210,14719.14603,366.427,0
8/16/2022,2729,3974,340,498.14,0,0,3598,5576,467.6,88.2,0,26504,14613.40603,355.757,0
8/17/2022,2739,3870,460,482.56,0,0,4328,6707,543.72,112.3,0,24558,15937.12603,310.457,0
8/18/2022,2740,4131,200,477.58,0,0,4315,6687,550,102.2,0,21413,17309.54603,288.257,0
8/19/2022,2725,3827,480,475.56,0,0,4302,6667,550.74,101.2,0,22003,17613.24603,187.057,0
8/20/2022,2528,3556,440,455.89,0,0,4011,6216,507.07,105.3,0,23497,17650.28603,261.757,0
8/21/2022,1955,2710,380,343.11,0,0,3831,5937,495.48,103,0,24339,18181.69603,177.757,0
8/22/2022,2735,3923,400,493.88,0,0,4302,6667,564.53,85.3,0,20528,17123.28603,322.457,0
8/23/2022,2765,3951,420,492.52,0,0,4304,6670,544.7,105.1,0,20227,18786.06603,295.357,0
8/24/2022,2015,2885,300,384.88,0,0,3405,5277,441.44,85.5,0,20037,20189.74603,329.857,0
8/25/2022,2456,3622,260,417.52,0,0,4275,6625,572.39,65.2,0,18124,19990.15603,389.657,0
8/26/2022,2744,3857,480,486.08,0,0,4306,6673,547.57,102.3,0,19615,22395.84603,368.357,0
8/27/2022,2732,3838,480,486.01,0,0,4302,6667,531.54,124.3,0,21417,23578.29603,284.057,0
8/28/2022,2729,3834,480,489.03,0,0,4311,6681,540.28,115.2,0,23092,23698.98603,168.857,0
8/29/2022,2708,3841,440,492.27,0,0,4302,6667,530.24,126,0,24336,22676.47603,140.853,0
8/30/2022,2712,3987,300,483.8,0,0,4304,6670,591.84,52.2,0,22612,22880.83603,255.653,0
8/31/2022,2722,4103,200,496.82,0,0,4303,6669,523.72,132,0,20327,8443.546032,193.071,0
9/1/2022,2728,4312,0,476.18,0,0,4305,6672,523.7670488,134.2,0,20895,24497.87898,223.871,0
9/2/2022,2734,4322,0,476.2,0,0,4307,6675,525.46,131.602,0,22411,23496.21898,216.269,0
9/3/2022,2729,3834,480,482.97,0,0,4307,6675,556.3,92.269,0,23859,23776.94898,124,0
9/4/2022,2738,3868,460,497.25,0,0,4167,6458,626.24,0,0,25770,24003.45898,124,0
9/5/2022,2742,3854,480,500.28,0,0,4304,6670,540.65,113.2,0,27659,22962.52898,88.8,0
9/6/2022,2750,3867,480,503.67,0,0,4302,6667,531.77,123.2,0,29584,22907.08898,40.6,0
9/7/2022,2791,3992,420,510.87,0,0,4318,6692,622.57,0,0,28802,21773.64898,137.6,0
9/8/2022,2852,4148,360,521.64,0,0,4307,6675,528.62,121.2,0,30350,21794.08898,85.4,0
9/9/2022,2842,4297,195,497.14,0,0,4318,6692,622.01,0,0,26745,20674.93898,167.4,0
9/10/2022,2882,4211,345,505.15,0,0,4309,6678,554.77,95,0,28244,20615.01898,193.4,0
9/11/2022,2886,4247,315,514.87,0,0,4304,6670,515.26,143.2,0,28788,20684.88898,99.2,0
9/12/2022,2882,4196,360,513.64,0,0,4302,6667,525.74,130.8,0,30097,20585.50898,58.4,0
9/13/2022,2890,4448,120,512.9,0,0,4322,6698,622.7506768,0,0,26186,20799.85831,178.4,0
9/14/2022,2891,4728,0,511.67,0,0,4302,6667,519.0045035,133.463,0,27223,19769.1838,180.8,0
9/15/2022,2888,4565,0,517.04,0,0,4304,6670,515.52,141.5,0,28812,18735.9238,165.549,0
9/16/2022,2874,4543,0,496.34,0,0,4306,6673,519.812,135.2,0,30609,17719.7718,168.349,0
9/17/2022,2814,4448,0,488.18,0,0,4308,6676,518.89,137.8,0,30636,17862.7018,132.549,0
9/18/2022,2812,4445,0,503.1,0,0,4306,6673,517.84,142,0,29732,16841.7618,59.549,0
9/19/2022,2814,4448,0,504.76,0,0,4332,6714,615.66,0,0,28520,15721.3418,220.549,0
9/20/2022,2834,4480,0,502.7594875,0,0,4302,6667,518.6346597,133,0,30382,14699.94766,132.549,0
9/21/2022,2842,4492,0,504.79,0,0,4285,6641,519.46,134.5,0,29343,16115.69766,55.049,0
9/22/2022,2864,4527,0,510.35,0,0,4305,6672,563.556,82.1,0,27235,16291.79166,82.949,0
9/23/2022,2864,4067,460,492.69,0,0,4307,6675,505.19,85.2,0,28864,16393.91166,127.749,0
9/24/2022,2856,4034,480,493.62,0,0,4302,6667,416.01,141.9,0,30303,15484.28166,75.849,0
9/25/2022,2866,4110,420,508.09,0,0,4312,6683,472.7,0,0,30396,14503.49166,161.849,0
9/26/2022,2856,4074,440,515.045,0,0,4302,6667,394.39,132.5,0,26565,16294.89666,141.349,0
9/27/2022,2852,4048,460,518.27,0,0,4306,6673,398.88,127.3,0,27966,16344.78666,148.049,0
9/28/2022,2865,4329,200,513.81,0,0,4303,6669,428.93,74.5,0,25416,16409.06666,215.549,0
9/29/2022,2875,4065,480,516.95,0,0,4306,6673,417.59,96.2,0,27324,17885.27666,252.349,0
9/30/2022,2903,4309,280,523.11,0,0,4302,6667,571.16,77.6,0,25440,14549.52015,311.031,0
10/1/2022,2905,4592,0,499.89,0,0,4303,6669,527.89,131.3,0,25721,16166.24015,273.731,0
10/2/2022,2903,4589,0,499.27,0,0,4308,6676,514.19,146.2,0,26759,17002.78015,227.531,0
10/3/2022,2905,4592,0,499.92,0,0,4306,6673,536.29,118,0,27739,16916.57015,220.531,0
10/4/2022,2908,4597,0,498.88,0,0,4308,6676,568.83,81.8,0,26307,17098.86015,210.731,0
10/5/2022,2909,4598,0,498.87,0,0,4309,6678,531.24,134.5,0,27016,17318.75015,189.231,0
10/6/2022,2907,4595,0,497.31,0,0,4305,6672,530.6,131.5,0,28693,17240.84015,163.731,0
10/7/2022,2908,4597,0,480.2170279,0,0,4302,6667,575.9998551,77.6,0,25290,17084.62326,184.131,0
10/8/2022,2903,4589,0,478.7270588,0,0,4304,6670,529.2111989,129.3,0,25114,17026.68501,144.831,0
10/9/2022,2905,4592,0,497.65,0,0,4302,6667,531.16,131.3,0,25891,17347.87501,175.531,0
10/10/2022,2885,4560,0,492.61,0,0,4304,6670,523.66,130.3,0,26921,18481.60501,143.231,0
10/11/2022,2903,4589,0,494.9,0,0,4302,6667,523.2587466,142,0,27933,17463.44626,76.231,0
10/12/2022,2905,4592,0,501.32,0,0,4303,6669,563.43,64.1,0,24751,17898.69626,90.131,0
10/13/2022,2902,4587,0,496.05,0,0,4306,6673,560.22,66.3,0,26122,19342.42626,93.831,0
10/14/2022,2907,4595,0,483.1,0,0,4301,6665,565.18,68.3,0,24135,18276.06626,122.11,0
10/15/2022,2905,4592,0,481.36,0,0,4304,6670,522.55,126.2,0,25626,17272.15626,90.91,0
10/16/2022,2902,4587,0,494.67,0,0,4290,6648,530.4,131.329,0,26041,17277.08626,40.581,0
10/17/2022,2904,4590,0,496.24,0,0,4312,6683,549.79,112.3,0,26258,17471.05626,28.281,0
10/18/2022,2906,4594,0,494.41,0,0,4308,6676,591.74,63,0,26846,18634.90626,6.611,0
10/19/2022,2904,4590,0,493.28,0,0,4304,6670,590.03,56.611,0,27292,19551.59626,0,0
10/20/2022,2110,3335,0,370.98,0,0,4302,6667,586.44,62,0,24894,20274.17626,0,0
10/21/2022,2892,4571,0,487.94,0,0,4303,6669,583.59,69.5,0,24324,19202.64626,30.5,0
10/22/2022,2903,4589,0,488.7649021,0,0,4302,6667,585.3,65.3,0,24581,19218.58136,5.2,0
10/23/2022,2905,4592,0,502.49,0,0,4307,6675,560.17,95.5,0,24861,19455.92136,9.7,0
10/24/2022,2902,4587,0,502.83,0,0,4289,6647,588.1,58,0,18401,20864.99136,41.7,0
10/25/2022,2906,4594,0,505.16,0,0,4309,6678,619.94,21.8,0,19396,21989.89136,49.9,0
10/26/2022,2902,4587,0,503.35,0,0,4318,6692,630.68,0,0,18289,22205.86136,156.9,0
10/27/2022,2909,4598,0,505.93,0,0,4317,6690,633.14,0,0,19897,24766.79136,180.9,0
10/28/2022,2905,4592,0,489.15,0,0,4309,6678,580.72,66.3,0,21452,25750.36136,217.6,0
10/29/2022,2902,4587,0,489.34,0,0,4290,6648,590.37,56.8,0,23031,27320.65136,202.8,0
10/30/2022,2886,4562,0,501.04,0,0,4308,6676,526.82,138.8,0,21476,28742.79136,138,0
10/31/2022,2902,4587,0,501.91,0,0,4309,6678,521.48,144.1,0,23012,16993.76202,47.649,0
11/1/2022,2904,4590,0,503.4,0,0,4305,6672,629.01,4.65,0,24188,28963.71202,128.999,0
11/2/2022,2902,4587,0,500.47,0,0,4302,6667,621.33,0,0,25323,27841.91202,238.999,0
11/3/2022,2904,4590,0,498.56,0,0,4304,6670,538.47,114.8,0,26213,27804.88202,148.199,0
11/4/2022,2902,4587,0,485.63,0,0,4307,6675,538.5,121.2,0,26577,29000.75202,138.999,0
11/5/2022,2904,4590,0,485.94,0,0,4288,6645,535.23,129.3,0,27874,27979.58202,69.699,0
11/6/2022,2870,4537,0,494.92,0,0,4304,6670,537.29,129.2,0,28694,28847.37202,40.499,0
11/7/2022,2892,4571,0,498.91,0,0,4035,6253,560.57,55,0,26185,28867.89202,55.499,0
11/8/2022,2903,4589,0,499.45,0,0,3321,5147,385.8,54.2,0,27470,29056.57202,48.299,0
11/9/2022,2891,4570,0,499.28,0,0,4291,6650,568.98,86,0,26183,29138.31202,5.299,0
11/10/2022,2890,4568,0,500.8982384,0,0,4302,6667,635.3350184,0,0,26666,29322.03883,50.299,0
11/11/2022,2903,4244,345,491.77,0,0,4291,6650,594.8202205,55.9,0,25543,28235.44861,104.399,0
11/12/2022,2889,4207,360,489.98,0,0,4291,6650,538.46,129.2,0,27062,28707.00861,43.199,0
11/13/2022,2891,4090,480,504.45,0,0,4293,6653,556.24,107.5,0,28713,27646.31861,5.699,0
11/14/2022,2890,4568,0,504.48,0,0,4302,6667,640.6,0,0,26590,26501.23861,100.635,0
11/15/2022,2889,4567,0,500.9658707,0,0,4304,6670,637.6519144,0,0,28114,26241.06542,167.223,0
11/16/2022,2891,4570,0,496.9551719,0,0,4307,6675,615.877856,0,0,29021,25128.23239,267.223,0
11/17/2022,2890,4568,0,497.5645239,0,0,4302,6667,616.1041118,0,0,28217,24014.56345,308.223,0
11/18/2022,2892,4571,0,486.523244,0,0,4303,6669,508.2,104,0,22368,23019.84878,319.223,0
11/19/2022,2882,4556,0,487.2357777,0,0,4302,6667,523.73,123.9,0,23537,22008.883,195.323,0
11/20/2022,2886,4562,0,498.58,0,0,4304,6670,528.38,116,0,19262,22331.923,229.323,0
11/21/2022,2902,4587,0,499.58,0,0,4290,6648,546.8,111.3,0,20472,22535.543,168.023,0
11/22/2022,2840,4489,0,480.68,0,0,4302,6667,545.2,120.5,0,21897,21523.53202,122.523,0
11/23/2022,2884,4559,0,486.97,0,0,4292,6652,541.28,123.123,0,21478,20495.28202,49.4,0
11/24/2022,2886,4562,0,486.24,0,0,4301,6665,560.74,73,0,22323,20698.30202,5.4,0
11/25/2022,2887,4563,0,474.74,0,0,4303,6669,612.6,0,0,23776,19610.96202,122.4,0
11/26/2022,2890,4568,0,475.19,0,0,4305,6672,610.88,0,0,25343,18524.89202,198.4,0
11/27/2022,2838,4486,0,481.48,0,0,4289,6647,525.8,115.2,0,27057,17517.61202,157.2,0
11/28/2022,2892,4571,0,491.32,0,0,4291,6650,522.42,123.3,0,28626,16503.87202,106.9,0
11/29/2022,2888,4565,0,492.85,0,0,4286,6642,551.12,87.3,0,24679,15463.01202,107.6,0
11/30/2022,2882,4556,0,489.61,0,0,4282,6636,518.56,129.3,0,25496,14454.84,74.025,0
12/1/2022,2864,4527,0,484.69,0,0,4302,6667,541.8,101.2,0,26494,14878.35,34.825,0
12/2/2022,1450,2292,0,270.43,0,0,4304,6670,563.96,72,0,28412,14043.96,241.025,0
12/3/2022,2862,4524,0,480.98,0,0,4302,6667,515.24,131.2,0,29804,13047.74,161.825,0
12/4/2022,2885,4560,0,485.89,0,0,4301,6665,517.35,127.3,0,27374,13444.5,151.525,0
12/5/2022,2890,4568,0,486.97,0,0,4303,6669,585.26,60.2,0,24514,12372.27,40.125,0
12/6/2022,2902,4587,0,490.42,0,0,4286,6642,628.73,0,0,23945,12573.12,87.125,0
12/7/2022,2892,4571,0,489.36,0,0,4288,6645,535.74,120.2,0,25625,12748.02,82.925,0
12/8/2022,2892,4571,0,494,0,0,4290,6648,526.16,133.2,0,26797,11727.86,12.725,0
12/9/2022,2886,4562,0,478.15,0,0,4282,6636,564.63,85.5,0,28501,10685.08,5.225,0
12/10/2022,2891,4570,0,474.39,0,0,4291,6650,629.9923994,0,0,28272,10880.6976,110.225,0
12/11/2022,2902,4587,360,488.8,0,0,4301,6665,623.89,0,0,27565,10568.0076,177.225,0
12/12/2022,2890,4415,153,485.9606829,0,0,4303,6669,585.48,39.1,0,24398,12096.56692,308.125,0
12/13/2022,2902,4179,408,490.08,0,0,4304,6670,512.75,131,0,26039,12193.73692,177.125,0
12/14/2022,2904,4182,408,489.66,0,0,4305,6672,520.09,123.6,0,25409,12270.23932,150.525,0
12/15/2022,2905,4592,0,487.59,0,0,4304,6670,516.73,133.2,0,26501,11265.91932,55.325,0
12/16/2022,2904,4590,0,473.59,0,0,4302,6667,516.76,130.7,0,26336,11675.56932,48.855,0
12/17/2022,2906,4594,0,476.11,0,0,4304,6670,618.56,0,0,27839,12418.80932,101.855,0
12/18/2022,2902,4587,0,487.69,0,0,4290,6648,636.88,0,0,28317,11294.23932,221.855,0
12/19/2022,2904,4590,0,488.1,0,0,4304,6670,603.52,45.1,0,24224,12652.61932,289.755,0
12/20/2022,2902,4587,0,487.39,0,0,4301,6665,517.12,129.3,0,25723,11648.10932,261.455,0
12/21/2022,2905,4592,0,485.81,0,0,4302,6667,516.62,137.8,0,27310,11695.67932,265.655,0
12/22/2022,2903,4589,0,486.32,0,0,4304,6670,528.68,135.5,0,27524,11960.68932,185.155,0
12/23/2022,2905,4592,0,487.11,0,0,4305,6672,525.9092984,139.5,0,25781,10947.67002,217.138,0
12/24/2022,2902,4587,0,485.4600571,0,0,4290,6648,524.6038118,137.5,0,25814,12364.60615,79.638,0
12/25/2022,2904,4590,0,486.2368102,0,0,4280,6633,572.4412475,79.638,0,27531,12576.92809,0,0
12/26/2022,558,882,0,101.51,0,0,0,0,0,0,0,27581,13765.41809,0,0
12/27/2022,2880,4552,0,482.17,0,0,0,0,0,0,0,28027,15811.24809,0,0
12/28/2022,2902,4587,0,484.49,0,0,0,0,0,0,0,28434,17551.75809,0,0
12/29/2022,2906,4594,0,484.21,0,0,0,0,0,0,0,28837,20417.54809,0,0
12/30/2022,2908,4597,0,481.38,0,0,0,0,0,0,0,29139,19973.64,0,0
12/31/2022,2909,4598,0,482.05,0,0,0,0,0,0,0,29514,19662.08,0,0
1/1/2023,2906,4594,0,478.63,0,0,0,0,0,0,0,29890,24708.37,0,0
1/2/2023,2904,4590,0,478.64,0,0,0,0,0,0,0,30272,24229.73,0,0
1/3/2023,2906,4594,0,485.89,0,0,0,0,0,0,0,30624,23743.84,0,0
1/4/2023,2640,4173,0,445.09,0,0,0,0,0,0,0,31400,23298.75,0,0
1/5/2023,2582,4081,0,435.9,0,0,0,0,0,0,0,32265,23742.85,0,0
1/6/2023,2585,4086,0,436.67,0,0,0,0,0,0,0,31874,23306.18,0,0
1/7/2023,2590,4094,0,438.13,0,0,0,0,0,0,0,32726,22868.05,0,0
1/8/2023,2592,4097,0,436.73,0,0,0,0,0,0,0,31775,23531.32,0,0
1/9/2023,2591,4096,0,436.5,0,0,0,0,0,0,0,31251,23994.82,0,0
1/10/2023,2595,4102,0,437.8,0,0,0,0,0,0,0,30619,23557.02,0,0
1/11/2023,2590,4094,0,434.33,0,0,0,0,0,0,0,31470,24022.69,0,0
1/12/2023,2750,4347,0,458.35,0,0,0,0,0,0,0,28524,24634.34,0,0
1/13/2023,2902,4587,0,481.42,0,0,0,0,0,0,0,24260,24152.92,0,0
1/14/2023,2904,4590,0,481.92,0,0,0,0,0,0,0,24620,24738.52,0,0
1/15/2023,2906,4594,0,482.65,0,0,0,0,0,0,0,24976,24255.87,0,0
1/16/2023,2908,4597,0,483.01,0,0,1279,1982,221.94,0,0,20706,23550.92,178,0
1/17/2023,2906,4114,480,480.06,0,0,3810,5905,540.95,0,0,22911,22529.91,368,0
1/18/2023,2904,4470,120,483.14,0,0,3806,5898,544.5,0,0,19609,21502.27,488,0
1/19/2023,2902,4587,0,480.08,0,0,3808,5901,460.26,123.5,0,20015,20561.93,464.5,0
1/20/2023,2905,4112,480,479.39,0,0,3803,5894,446.58,137.5,0,22467,19635.96,397,0
1/21/2023,2908,4597,0,483.1,0,0,3810,5905,450.29,136.6,0,24916,18702.57,260.4,0
1/22/2023,2905,4592,0,483.15,0,0,3808,5901,449.45,138.2,0,22988,17769.97,122.2,0
1/23/2023,2908,4597,0,479.9,0,0,3810,5905,460.24,122.2,0,24721,16829.83,0,0
1/24/2023,2905,4132,460,479.16,0,0,3808,5901,556.18,0,0,26728,15794.49,0,0
1/25/2023,2902,4587,0,479.3,0,0,3807,5900,556.98,0,0,25178,14758.21,0,0
1/26/2023,2905,4592,0,480.53,0,0,3810,5905,556.89,0,0,27621,13720.79,0,0
1/27/2023,2908,4597,0,484.35,0,0,3807,5900,560.17,0,0,25342,12676.27,132,0
1/28/2023,2907,4595,0,483.15,0,0,3810,5905,464.86,119.9,0,25581,11728.26,199.1,0
1/29/2023,2904,4590,0,478.02,0,0,3808,5901,440.29,147.3,0,25033,10809.95,80.8,0
1/30/2023,2910,4600,0,484.12,0,0,3812,5908,471.76,101.9,0,27473,9854.07,10.9,0
1/31/2023,2905,4332,260,482.24,0,0,3808,5901,545.82,0,0,26572,8816.41,22.271,0
2/1/2023,2908,4597,0,482.49,0,0,3810,5905,543.7,0,0,25896,7790.22,149.271,0
2/2/2023,2910,4600,0,482.42,0,0,3806,5898,504.82,46.6,0,28370,6802.98,155.671,0
2/3/2023,2912,4603,0,484.58,0,0,3808,5901,429.15,147,0,30862,7209.25,66.671,0
2/4/2023,2908,4597,0,483.6,0,0,3286,5092,376.19,121.5,0,28812,7449.46,58.171,0
2/5/2023,2910,4600,0,480.82,0,0,0,0,0,0,0,26714,6968.64,169.171,0
2/6/2023,0,0,0,0,0,0,920,1426,146.24,0,0,25288,8122.4,289.171,0
2/7/2023,0,0,0,0,0,0,4120,6385,519.55,83.8,0,25382,8452.85,205.371,0
2/8/2023,0,0,0,0,0,0,4254,6593,596.88,0,0,24407,7855.97,205.371,0
2/9/2023,0,0,0,0,0,0,4274,6624,491.06,150.3,0,21880,8464.91,100.071,0
2/10/2023,0,0,0,0,0,0,4302,6667,583.92,29.5,0,23232,7880.99,132.571,0
2/11/2023,0,0,0,0,0,0,4308,6676,577.29,40.6,0,24578,7303.7,168.971,0
2/12/2023,0,0,0,0,0,0,4304,6670,489.06,156,0,25660,8714.64,140.671,0
2/13/2023,0,0,0,0,0,0,4308,6676,493.41,150.3,0,22473,10471.23,95.371,0
2/14/2023,0,0,0,0,0,0,4309,6678,605.35,0,0,23816,11165.88,47.671,0
2/15/2023,0,0,0,0,0,0,4312,6683,609.64,0,0,25127,10556.24,157.671,0
2/16/2023,0,0,0,0,0,0,4302,6667,596.04,0,0,26436,9960.2,187.381,0
2/17/2023,0,0,0,0,0,0,4305,6672,580.8,0,0,27761,9379.4,272.381,0
2/18/2023,0,0,0,0,0,0,4285,6641,473.97,145.7,0,25992,10055.43,156.681,0
2/19/2023,0,0,0,0,0,0,4295,6656,472.14,151.3,0,27142,9583.29,110.381,0
2/20/2023,0,0,0,0,0,0,4302,6667,470.77,151.4,0,24211,9112.52,28.981,0
2/21/2023,0,0,0,0,0,0,4304,6670,533.12,48.4,0,25515,10967.66462,5.581,0
2/22/2023,0,0,0,0,0,0,4310,6679,570.63,0,0,26758,10397.03462,105.581,0
2/23/2023,1956,3092,0,343.18,0,0,4037,6256,579.75,0,0,28511,10574.10462,135.581,0
2/24/2023,2702,4271,0,457.9,0,0,4085,6331,470.62,148.2,0,27366,10845.58462,67.381,0
2/25/2023,2712,4287,0,458.49,0,0,4095,6346,540.45,60.8,0,29681,12446.64462,49.581,0
2/26/2023,2708,4281,0,455.75,0,0,4086,6332,583.44,0,0,28438,12607.45462,107.581,0
2/27/2023,2710,4284,0,459.1,0,0,4052,6280,465.7,151.2,0,29314,14182.65462,46.381,0
2/28/2023,2712,4287,0,460.05,0,0,4072,6311,507.38,101.29,0,25571,6199.86,5.5,0
3/1/2023,2714,4290,0,465.58,0,0,4060,6292,592.9,0,0,27987,13400.35,129.5,0
3/2/2023,2710,4284,0,458.64,0,0,4090,6338,589.48,0,0,26461,12352.23,145.5,0
3/3/2023,2715,4292,0,463.57,0,0,4102,6357,509.41,108.9,0,28218,12579.25,116.6,0
3/4/2023,2717,4295,0,463.25,0,0,4104,6360,594.03,0,0,30581,11521.97,176.6,0
3/5/2023,2714,4290,0,458.94,0,0,4108,6366,606.7,0,0,30902,11806.33,234.6,0
3/6/2023,2716,4293,0,465.49,0,0,4102,6357,611.92,0,0,33266,11994.8,289.6,0
3/7/2023,2718,4296,0,462.97,0,0,4106,6363,528.54,99.3,0,31435,11003.29,300.3,0
3/8/2023,2705,4276,0,460.16,0,0,4104,6360,488.48,153.7,0,27763,10054.65,286.6,0
3/9/2023,2707,4279,0,459.03,0,0,4102,6357,490.3,151.4,0,27413,11555.32,160.2,0
3/10/2023,2703,4273,0,454.21,0,0,4105,6362,483.84,149,0,25978,13217.27,201.2,0
3/11/2023,2706,4277,0,455.91,0,0,4108,6366,481,151.3,0,28066,14670.36,119.9,0
3/12/2023,2702,4271,0,457.82,0,0,4110,6369,604.9,0,0,29864,13607.64,219.9,0
3/13/2023,2705,4276,0,454.7447174,0,0,4106,6363,483.0614345,151.5,0,31096,13869.83385,138.4,0
3/14/2023,2707,4279,0,464.4321688,0,0,4102,6357,484.1979031,153.5,0,31708,12921.20378,34.9,0
3/15/2023,2670,4220,0,457.39,0,0,4152,6435,615.94,0,0,34021,13117.87378,173.252,0
3/16/2023,2662,4208,0,455.13,0,0,4302,6667,520.84,141.9,0,31948,13071.90378,97.352,0
3/17/2023,2655,4197,0,455.5192658,0,0,4305,6672,517.297364,149,0,30165,12099.08715,98.352,0
3/18/2023,2665,4213,0,455.5538916,0,0,4305,6672,519.7564773,146.5,0,30234,12453.77678,1.852,0
3/19/2023,2654,4195,0,453.69,0,0,4301,6665,518.12,149,0,32345,12511.96678,12.852,0
3/20/2023,2632,4160,0,450.33,0,0,4305,6672,565.18,89.4,0,28167,11496.45678,5.452,0
3/21/2023,2652,4192,0,453.61,0,0,4250,6586,623.7,0,0,28832,10419.14678,70.452,0
3/22/2023,2662,4208,0,455.96,0,0,4277,6628,540.22,114.8,0,25469,9422.966777,105.652,0
3/23/2023,2672,4224,0,458.79,0,0,4275,6625,512.86,151.3,0,27521,8451.316777,79.352,0
3/24/2023,2704,4274,0,461.49,0,0,4256,6596,510.3,149,0,29004,7479.526777,40.352,0
3/25/2023,2675,4228,0,456.76,0,0,4267,6613,557.76,93,0,26418,6465.006777,57.352,0
3/26/2023,2705,4276,0,461.78,0,0,4302,6667,518.6,148.8,0,27341,5484.626777,33.552,0
3/27/2023,2703,4273,0,462.95,0,0,4304,6670,538.06,124,0,29036,6893.616777,5.552,0
3/28/2023,2670,4220,0,455.29,0,0,4306,6673,630.84,0,0,31082,5934.576777,107.186,0
3/29/2023,2703,4273,0,463.1,0,0,4309,6678,564.2134105,83.8,0,28971,6037.263367,123.386,0
3/30/2023,2682,4239,0,458.25,0,0,4302,6667,504.45,151.2,0,27000,6504.023367,122.186,0
3/31/2023,2674,4227,0,456.87,0,0,4305,6672,506.97,148.9,0,29586,3022.03,70.605,0
4/1/2023,2754,4353,0,469.9306418,0,0,4308,6676,518.02,151.2,0,30867,9764.719358,36.405,0
4/2/2023,2802,4429,0,477.54,0,0,4304,6670,518.82,148.9,0,32664,10168.35936,19.505,0
4/3/2023,2835,4481,0,484.16,0,0,4308,6676,570.6,83.8,0,29589,11513.59936,7.705,0
4/4/2023,2865,4529,0,488.97,0,0,4310,6679,537.36,127.6,0,31110,10487.26936,3.105,0
4/5/2023,2885,4560,0,491.71,0,0,4010,6215,596.38,0,0,29220,9399.179358,83.105,0
4/6/2023,2890,4568,0,491.5,0,0,4310,6679,635.16,0,0,30724,8272.519358,169.105,0
4/7/2023,2892,4571,0,495.74,0,0,4304,6670,589.26,63,0,27649,8287.519358,182.105,0
4/8/2023,2878,4549,0,489.59,0,0,4306,6673,522.22,146.5,0,29181,8375.709358,101.605,0
4/9/2023,2890,4568,0,490.79,0,0,4308,6676,521.9,146.6,0,28469,8663.019358,29.005,0
4/10/2023,2885,4560,0,490.87,0,0,4305,6672,632,0,0,30064,7540.149358,103.005,0
4/11/2023,2888,4565,0,491.68,0,0,4262,6605,613.98,0,0,30377,6434.489358,115.005,0
4/12/2023,2892,4571,0,491.76,0,0,4284,6639,536.57,104.5,0,32113,6566.159358,90.505,0
4/13/2023,2902,4587,0,492.85,0,0,4275,6625,578.9,60.5,0,30012,5494.409358,113.005,0
4/14/2023,2886,4562,0,482.9,0,0,4255,6594,543.1,110,0,31685,4468.409358,98.005,0
4/15/2023,2890,4568,0,482.34,0,0,4302,6667,523.62,139.2,0,31607,6012.449358,31.805,0
4/16/2023,2880,4552,0,490.44,0,0,4304,6670,592,57,0,26257,6880.009358,4.805,0
4/17/2023,2872,4540,0,482.11,0,0,4301,6665,628.98,0,0,27173,7968.919358,47.805,0
4/18/2023,2884,4559,0,485.04,0,0,4304,6670,629.48,0,0,24630,9254.399358,97.805,0
4/19/2023,2887,4563,0,483.31,0,0,4285,6641,623.38,0,0,24319,8147.709358,197.805,0
4/20/2023,2881,4554,0,491.72,0,0,4215,6532,574.38,63.3,0,25252,8181.609358,172.505,0
4/21/2023,2886,4562,0,481.53,0,0,4217,6535,516.86,134.5,0,18964,9483.219358,118.005,0
4/22/2023,2876,4546,0,479.15,0,0,4215,6532,571.92,67.3,0,19110,8432.149358,80.705,0
4/23/2023,2872,4540,0,489.17,0,0,4225,6548,550,93,0,21012,9692.979358,4.705,0
4/24/2023,2874,4543,0,482.86,0,0,4288,6645,612.99,0,0,22679,9747.129358,46.705,0
4/25/2023,2873,4541,0,480.62,0,0,4272,6621,603.01,0,0,23234,11240.34936,121.705,0
4/26/2023,2890,4568,0,486.76,0,0,4285,6641,610.9,0,0,25021,11442.68936,231.705,0
4/27/2023,2892,4571,0,479.84,0,0,4302,6667,557.81,63.3,0,22312,11505.03936,300.405,0
4/28/2023,2902,4587,0,484.07,0,0,4305,6672,498.47,144,0,24021,6567.649358,261.65167,0
4/29/2023,2890,4568,0,489.48,0,0,4309,6678,503.29,146.5,0,25772,5574.879358,115.15167,0
4/30/2023,2885,4560,0,481.3793582,0,0,4310,6679,522.16,113,0,27526,4571.34,2.15167,0
5/1/2023,2880,4552,0,482.14,0,0,4306,6673,607.65,0,0,29315,15632.81,2.15167,0
5/2/2023,2875,4545,0,480.71,0,0,4303,6669,617.22,0,0,27124,14534.88,2.15167,0
5/3/2023,2882,4556,0,483.16,0,0,4305,6672,616.36,0,0,28627,15935.36,107.15167,0
5/4/2023,2874,4543,0,480.88,0,0,4205,6517,613.38,0,0,25610,14841.24,119.15167,0
5/5/2023,2884,4279,280,472.1762973,0,0,4302,6667,626.3386897,0,0,22447,15092.72501,235.15167,0
5/6/2023,2886,4082,480,471.79,0,0,4309,6678,626.08,0,0,24198,16444.85501,292.15167,0
5/7/2023,2882,4076,480,480.81,0,0,4310,6679,553.72,94.6,0,25961,15410.32501,225.55167,0
5/8/2023,2880,4072,480,480.64,0,0,4308,6676,513.66,146.5,0,27724,14416.02501,122.05167,0
5/9/2023,2878,4209,340,480.12,0,0,4305,6672,510.96,148.8,0,26812,14724.94501,71.25167,0
5/10/2023,2885,4080,480,479.46,0,0,4308,6676,510.08,118.8,0,26810,13735.40501,12.45167,0
5/11/2023,2882,4396,160,479.71,0,0,4310,6679,628.18,0,0,23438,13922.26501,67.45167,0
5/12/2023,2905,4112,480,470.46,0,0,4304,6670,614.24,0,0,25146,12837.56501,157.45167,0
5/13/2023,2902,4587,0,471.81,0,0,4308,6676,615.46,0,0,26220,12900.29501,202.45167,0
5/14/2023,2904,4590,0,482.89,0,0,4304,6670,519.08,106.4061,0,27928,14398.32501,96.04557,0
5/15/2023,2906,4594,0,483.76,0,0,4308,6676,512.16,146.5,0,28094,15682.40501,4.54557,0
5/16/2023,2890,4568,0,481.94,0,0,4306,6673,585.42,55,0,29869,14615.04501,4.54557,0
5/17/2023,2885,4560,0,478.65,0,0,4303,6669,624.48,0,0,28164,14911.91501,40.54557,0
5/18/2023,2890,4568,0,480.9,0,0,4308,6676,624.84,0,0,25745,17306.17501,40.54557,0
5/19/2023,2885,4560,0,465.0744711,0,0,4310,6679,624.4,0,0,25236,17516.70054,90.54557,0
5/20/2023,2905,4592,0,481.01,0,0,4307,6675,623.3,0,0,24690,17712.39054,140.54557,0
5/21/2023,2908,4597,0,480.62,0,0,4309,6678,623.64,0,0,26432,18908.13054,157.54557,0
5/22/2023,2905,4592,0,480.45,0,0,4306,6673,622.22,0,0,28183,17805.46054,217.54557,0
5/23/2023,2903,4589,0,480.16,0,0,4302,6667,627.54,0,0,24774,18797.76054,287.45952,0
5/24/2023,2872,4540,0,475.2457571,0,0,4150,6431,523.2511029,106.75,0,23583,18799.26368,310.70952,0
5/25/2023,2880,4552,0,477.8616427,0,0,4304,6670,510.8557587,148.8,0,23392,19110.54628,236.90952,0
5/26/2023,2775,4386,0,461.81,0,0,4035,6253,540.52,67.1,0,20460,19078.21628,244.80952,0
5/27/2023,2725,4307,0,454.15,0,0,4002,6202,519.36,84,0,22990,18104.70628,230.80952,0
5/28/2023,2715,4292,0,452.27,0,0,4005,6207,468.84,146.5,0,23886,18333.59628,169.30952,0
5/29/2023,2710,4284,0,454.68,0,0,4002,6202,467.7,146.7,0,26939,19811.21628,47.48098,0
5/30/2023,2712,3947,340,453.43,0,0,4102,6357,482.08,144,0,25174,18875.70628,17.48098,0
5/31/2023,2685,3764,480,448.2218318,0,0,4104,6360,562.2444487,45.8,0,27616,14206.91,4.43127,0
6/1/2023,2655,3717,480,443.51,0,0,4101,6356,593.82,0,0,28796,19192.35,149.43127,0
6/2/2023,2658,4041,160,436.47,0,0,4085,6331,593.78,0,0,26170,18162.1,281.43127,0
6/3/2023,2652,3712,480,436.31,0,0,4065,6300,538.4,69,0,28698,17187.39,332.43127,0
6/4/2023,2656,3858,340,441.24,0,0,4060,6292,475.53,144,0,27735,17670.62,221.43127,0
6/5/2023,2652,3712,480,442.06,0,0,4078,6320,499.99,119,0,30259,17828.57,194.43127,0
6/6/2023,2659,3983,220,443.89,0,0,4072,6311,548.88,57,0,26109,18135.8,207.43127,0
6/7/2023,2670,4220,0,444.86,0,0,4075,6315,475.1432944,144,0,26940,18565.79671,158.43127,0
6/8/2023,2648,4186,0,441.32,0,0,3909,6058,449.16,146.5,0,29735,18975.31671,81.93127,0
6/9/2023,2642,4176,0,432.6,0,0,3842,5954,504.59,66,0,25733,19338.12671,95.93127,0
6/10/2023,2640,4173,0,431.47,0,0,3832,5939,444.47,139.2,0,26127,18462.18671,4.73127,0
6/11/2023,2655,4197,0,442.84,0,0,3822,5923,466.1744696,110,0,26616,18853.17224,4.73127,0
6/12/2023,4173,0,440.1,0,0,3812,5908,548.81,0,0,0,20564.26224,70731.27,0,0
6/13/2023,4160,0,439.39,0,0,3814,5911,548.92,0,0,0,20625.95224,132731.27,0,0
6/14/2023,4145,0,443.55,0,0,3808,5901,554.59,0,0,0,19627.81224,242731.27,0,0
6/15/2023,4151,0,440.48,0,0,3802,5892,550.12,0,0,0,18637.21224,292731.27,0,0
6/16/2023,2622,4145,0,429.34,0,0,3807,5900,517.79,45,0,28892,18640.08224,347.73127,0
6/17/2023,2628,3674,480,430.06,0,0,3803,5894,434.86,146.5,0,30751,17775.16224,277.23127,0
6/18/2023,2625,3669,480,439.03,0,0,3810,5905,458.1,117,0,33695,18878.03224,230.23127,0
6/19/2023,2620,4141,0,437.68,0,0,3805,5897,500.86,63,0,31231,17939.49224,277.23127,0
6/20/2023,2612,4129,0,436.46,0,0,3808,5901,433.69,149,0,34196,17941.68224,200.23127,0
6/21/2023,2614,4132,0,437.54,0,0,3801,5891,433.9,148.8,0,31934,18210.24224,217.43127,0
6/22/2023,2612,4129,0,436.65,0,0,3808,5901,433.07,149,0,34470,17340.52224,138.43127,0
6/23/2023,2605,3998,120,430.97,0,0,3803,5894,442.83,144,0,30200,17716.72224,79.43127,0
6/24/2023,2609,3644,480,436.45,0,0,3807,5900,551.4,0,0,31941,19148.87224,129.43127,0
6/25/2023,2604,4116,0,438.72,0,0,3803,5894,554.85,0,0,29276,19075.30224,244.43127,0
6/26/2023,2608,3722,400,433.15,0,0,3806,5898,547.07,0,0,26210,19055.08224,309.43127,0
6/27/2023,0,0,0,0,0,0,3809,5903,458.57,111,0,25231,19780.51224,293.43127,0
6/28/2023,0,0,0,0,0,0,3802,5892,430.71,146.5,0,25107,19350.80224,259.93127,0
6/29/2023,0,0,0,0,0,0,3807,5900,432.31,146.5,0,22929,21157.26224,193.43127,0
6/30/2023,0,0,0,0,0,0,4003,6204,529.862236,55,0,24648,17177.78,208.67005,0
7/1/2023,0,0,0,0,0,0,4302,6667,613.29,0,0,25910,22402,308.67005,0
7/2/2023,0,0,0,0,0,0,4315,6687,583.04,45,0,25002,21818.96,308.67005,0
7/3/2023,0,0,0,0,0,0,4309,6678,545.32,93,0,23003,21278.76134,310.83028,0
7/4/2023,0,0,0,0,0,0,4307,6675,503.56,146.5,0,24351,20775.2,238.33028,0
7/5/2023,0,0,0,0,0,0,4301,6665,513.6,131.2,0,24882,20261.6,222.13028,0
7/6/2023,0,0,0,0,0,0,4304,6670,497.89,148.9,0,23305,19763.71,153.23028,0
7/7/2023,0,0,0,0,0,0,4308,6676,502.6735835,144,0,24623,21311.03642,101.23028,0
7/8/2023,0,0,0,0,0,0,4303,6669,499.08,146.5,0,24350,21911.95642,39.73028,0
7/9/2023,0,0,0,0,0,0,4307,6675,536.56,102,0,25317,22475.39642,7.73028,0
7/10/2023,0,0,0,0,0,0,4303,6669,611.79,0,0,23852,21863.60642,83.73028,0
7/11/2023,0,0,0,0,0,0,4308,6676,603.6850765,0,0,22019,21259.92134,171.73028,0
7/12/2023,0,0,0,0,0,0,4307,6675,601.19,0,0,22490,20658.73134,335.73028,0
7/13/2023,0,0,0,0,0,0,4310,6679,542.2,81,0,23619,20116.53134,314.73028,0
7/14/2023,0,0,0,0,0,0,4305,6672,545.62,73.2,0,21767,19570.91134,341.53028,0
7/15/2023,0,0,0,0,0,0,4308,6676,489.58,146.5,0,22067,19081.33134,265.03028,0
7/16/2023,0,0,0,0,0,0,4302,6667,490.95,144,0,23395,18590.38134,206.03028,0
7/17/2023,0,0,0,0,0,0,4305,6672,491.56,146.5,0,23592,18098.82134,134.53028,0
7/18/2023,0,0,0,0,0,0,4307,6675,520.09,108,0,22121,17578.73134,71.53028,0
7/19/2023,0,0,0,0,0,0,4306,6673,494.13,144,0,22729,18434.60134,27.53028,0
7/20/2023,0,0,0,0,0,0,4304,6670,509.15,53,0,23838,19125.45134,54.53028,0
7/21/2023,0,0,0,0,0,0,4090,6338,466.55,144,0,22125,19858.90134,8.53028,0
7/22/2023,0,0,0,0,0,0,3825,5928,527.92,18,0,21732,20430.98134,5.53028,0
7/23/2023,0,0,0,0,0,0,3816,5914,546.387351,0,0,23288,21264.59399,105.53028,0
7/24/2023,0,0,0,0,0,0,3809,5903,545.1418504,0,0,21525,20719.45214,205.53028,0
7/25/2023,0,0,0,0,0,0,3805,5897,509.75,45,0,20746,21259.70214,210.53028,0
7/26/2023,0,0,0,0,0,0,3808,5901,433,144,0,22190,20826.70214,191.53028,0
7/27/2023,0,0,0,0,0,0,3810,5905,434.91,144,0,24210,20391.79214,67.53028,0
7/28/2023,0,0,0,0,0,0,3802,5892,479.01,0,0,22745,20992.78214,152.53028,0
7/29/2023,0,0,0,0,0,0,3806,5898,431.39,146.5,0,24847,20561.39214,36.03028,0
7/30/2023,0,0,0,0,0,0,3808,5901,433.53,68.03028,0,24000,20127.86214,0,0
7/31/2023,0,0,0,0,0,0,3008,4662,399.6421387,28.91182,0,24819,19869.56,0,0
8/1/2023,0,0,0,0,0,0,3812,5908,541.13,0,0,24283,20311.55,42,0
8/2/2023,0,0,0,0,0,0,3815,5912,542.19,0,0,24343,19769.36,100,0
8/3/2023,0,0,0,0,0,0,3805,5897,542.89,0,0,21857,19226.47,115,0
8/4/2023,0,0,0,0,0,0,3808,5901,544.2,0,0,23929,19602.27,180,0
8/5/2023,0,0,0,0,0,0,3804,5895,543.63,0,0,24228,19958.64,222,0
8/6/2023,0,0,0,0,0,0,3807,5900,450.8,118.9,0,24952,19507.84,249.1,0
8/7/2023,0,0,0,0,0,0,3810,5905,429.61,146.5,0,27018,19078.23,184.6,0
8/8/2023,0,0,0,0,0,0,3812,5908,440.65,132,0,25346,18637.58,72.6,0
8/9/2023,0,0,0,0,0,0,3809,5903,433.04,0,0,24396,18204.54,192.6,0
8/10/2023,0,0,0,0,0,0,3808,5901,472.27,41.3,0,26277,17732.27,191.3,0
8/11/2023,0,0,0,0,0,0,3805,5897,428.87,146.5,0,22690,18453.4,44.8,0
8/12/2023,0,0,0,0,0,0,3808,5901,430.56,124.8,0,24761,19272.84,0,0
8/13/2023,0,0,0,0,0,0,3810,5905,463.95,30,0,23918,18808.89,0,0
8/14/2023,0,0,0,0,0,0,3806,5898,542.44,0,0,20331,18266.45,100,0
8/15/2023,0,0,0,0,0,0,3802,5892,539.11,0,0,21306,17727.34,160,0
8/16/2023,0,0,0,0,0,0,3808,5901,489.19,70,0,22664,17238.15,185,0
8/17/2023,0,0,0,0,0,0,3805,5897,454.23,117,0,21226,16783.92,128,0
8/18/2023,0,0,0,0,0,0,3811,5906,431.52,128,0,23294,17452.4,65,0
8/19/2023,0,0,0,0,0,0,3815,5912,429.4,50,0,22335,18223,15,0
8/20/2023,0,0,0,0,0,0,3810,5905,445,124.5,0,24400,17778,5.5,0
8/21/2023,0,0,0,0,0,0,4020,6230,468.44,55.5,0,23030,17309.56,0,0
8/22/2023,0,0,0,0,0,0,4008,6211,500.79,26,0,23810,16808.77,0,0
8/23/2023,0,0,0,0,0,0,4012,0,475.44,101,0,27360,16333.33,0,0
8/24/2023,0,0,0,0,0,0,4008,6211,507.3870017,40,0,29083,15825.943,0,0
8/25/2023,0,0,0,0,0,0,4003,6204,488.76,80,0,20789,17377.183,0,0
8/26/2023,0,0,0,0,0,0,4008,6211,568.6,0,0,22554,19508.583,63,0
8/27/2023,0,0,0,0,0,0,4005,6207,573.81,0,0,23035,18934.773,91,0
8/28/2023,0,0,0,0,0,0,4012,6218,577.65,0,0,24352,18357.123,106,0
8/29/2023,0,0,0,0,0,0,4006,6208,572.47,0,0,26118,17784.653,191,0
8/30/2023,0,0,0,0,0,0,4015,6222,486.74,39.30268,0,24108,19747.913,261.69732,0
8/31/2023,0,0,0,0,0,0,4020,6230,466.5035727,130.67535,0,25851,16203.12,192.0107,0
9/1/2023,0,0,0,0,0,0,4304,6670,511.45,138,0,27156,19957.32,54.0107,0
9/2/2023,0,0,0,0,0,0,4309,6678,582.01,49,0,25540,19375.31,5.0107,0
9/3/2023,0,0,0,0,0,0,4302,6667,613.56,0,0,24732,18761.75,5.0107,0
9/4/2023,0,0,0,0,0,0,4310,6679,615.55,0,0,26024,18146.2,130.0107,0
9/5/2023,0,0,0,0,0,0,4303,6669,612.28,0,0,23855,17533.92,138.0107,0
9/6/2023,0,0,0,0,0,0,4308,6676,614.35,0,0,24238,16919.57,238.0107,0
9/7/2023,0,0,0,0,0,0,4302,6667,613.46,0,0,25251,16306.11,238.0107,0
9/8/2023,0,0,0,0,0,0,4307,6675,504.8,141,0,21440,15801.31,200.0107,0
9/9/2023,0,0,0,0,0,0,4304,6670,540.58,104,0,22626,15260.73,121.0107,0
9/10/2023,0,0,0,0,0,0,4275,6625,522.36,112.7,0,23856,14738.37,58.3107,0
9/11/2023,0,0,0,0,0,0,4282,6636,519.55,0,0,24928,14218.82,133.3107,0
9/12/2023,0,0,0,0,0,0,4302,6667,519.22,122.6,0,25901,13699.6,70.7107,0
9/13/2023,0,0,0,0,0,0,4310,6679,503.55,114,0,26883,13196.05,16.7107,0
9/14/2023,0,0,0,0,0,0,4306,6673,558.91,57.3,0,24427,12637.14,3.4107,0
9/15/2023,0,0,0,0,0,0,4303,6669,618.46,0,0,25543,12918.68,58.4107,0
9/16/2023,0,0,0,0,0,0,4311,6681,622.1,0,0,26627,12296.58,103.4107,0
9/17/2023,0,0,0,0,0,0,4304,6670,612.21,0,0,27739,11684.37,153.4107,0
9/18/2023,0,0,0,0,0,0,4308,6676,620.3862346,0,0,26285,12863.98377,178.4107,0
9/19/2023,0,0,0,0,0,0,4305,6672,617.74,0,0,27406,12246.24377,233.4107,0
9/20/2023,0,0,0,0,0,0,3871,5999,483.06,95.7,0,28093,12863.18377,197.7107,0
9/21/2023,0,0,0,0,0,0,4313,6684,523.34,124.7,0,24098,12339.84377,173.0107,0
9/22/2023,0,0,0,0,0,0,4306,6673,513.34,132,0,25355,14176.50377,116.0107,0
9/23/2023,0,0,0,0,0,0,4308,6676,503.05,64,0,26606,15923.45377,107.0107,0
9/24/2023,0,0,0,0,0,0,4302,6667,496.52,114,0,24423,17626.93377,63.0107,0
9/25/2023,0,0,0,0,0,0,4308,6676,511.64,100,0,23040,18265.29377,8.0107,0
9/26/2023,0,0,0,0,0,0,4302,6667,526.35,78.7,0,18905,17738.94377,4.3107,0
9/27/2023,0,0,0,0,0,0,4279,6631,599.75,0,0,20251,18299.19377,74.3107,0
9/28/2023,0,0,0,0,0,0,4304,6670,602.76,0,0,17052,18896.43377,124.3107,0
9/29/2023,0,0,0,0,0,0,4008,6211,574.26,0,0,16640,16362.68101,179.3107,0
9/30/2023,0,0,0,0,0,0,4305,6672,603.9710123,0,0,17943,15758.71,243.97956,0
10/1/2023,0,0,0,0,0,0,4302,6667,568.96,57,0,19202,20781.23,244.97956,0
10/2/2023,0,0,0,0,0,0,4309,6678,491.92,144,0,20499,20289.31,208.97956,0
10/3/2023,0,0,0,0,0,0,4301,6665,536.05,94.4,0,19508,19753.26,162.57956,0
10/4/2023,0,0,0,0,0,0,4285,6641,498.69,138,0,20480,21234.57,134.57956,0
10/5/2023,0,0,0,0,0,0,4302,6667,506.16,103,0,18176,22578.41,59.57956,0
10/6/2023,0,0,0,0,0,0,4304,6670,495.11,141,0,18661,22070.5,43.57956,0
10/7/2023,0,0,0,0,0,0,4308,6676,516.47,73.1,0,19957,21554.03,25.47956,0
10/8/2023,0,0,0,0,0,0,4275,6625,557.18,51.3,0,21309,22446.85,4.17956,0
10/9/2023,0,0,0,0,0,0,4303,6669,608.03,0,0,20233,21838.82,54.17956,0
10/10/2023,0,0,0,0,0,0,4277,6628,601.43,0,0,21582,21237.39,83.17956,0
10/11/2023,0,0,0,0,0,0,4311,6681,606.59,0,0,22874,20630.8,165.17956,0
10/12/2023,0,0,0,0,0,0,4314,6686,612.1,0,0,23546,20018.7,250.17956,0
10/13/2023,0,0,0,0,0,0,4302,6667,529.67,94,0,24853,21289.03,238.17956,0
10/14/2023,0,0,0,0,0,0,4307,6675,495.44,89.2,0,25987,20793.59,220.97956,0
10/15/2023,0,0,0,0,0,0,4312,6683,499.42,139.2,0,26669,20294.17,91.77956,0
10/16/2023,0,0,0,0,0,0,4309,6678,497.73,79.2,0,25109,19796.44,42.57956,0
10/17/2023,0,0,0,0,0,0,4311,6681,544.33,76.2,0,26207,21252.11,4.37956,0
10/18/2023,0,0,0,0,0,0,4314,6686,602.41,0,0,23700,20649.7,64.37956,0
10/19/2023,0,0,0,0,0,0,4312,6683,600.21,0,0,24822,20049.49,152.37956,0
10/20/2023,0,0,0,0,0,0,4310,6679,596.75,0,0,26114,20732.74,262.37956,0
10/21/2023,0,0,0,0,0,0,3510,5440,425.29,53.2,0,25600,20307.45,299.17956,0
10/22/2023,0,0,0,0,0,0,4308,6676,497.32,136.8,0,21027,19810.13,227.37956,0
10/23/2023,0,0,0,0,0,0,4302,6667,491.07,52,0,22334,19299.82,185.37956,0
10/24/2023,0,0,0,0,0,0,4304,6670,496.66,134.4,0,23443,21153.16,185.97956,0
10/25/2023,0,0,0,0,0,0,4311,6681,497.35,56.8,0,24594,20655.81,214.17956,0
10/26/2023,0,0,0,0,0,0,4308,6676,498.94,136.8,0,21638,20156.87,119.37956,0
10/27/2023,0,0,0,0,0,0,4303,6669,493.06,134.4,0,22671,21813.81,134.97956,0
10/28/2023,0,0,0,0,0,0,4307,6675,513.34,62,0,23559,21300.47,127.97956,0
10/29/2023,0,0,0,0,0,0,4313,6684,516.32,37.3,0,24799,20784.15,167.67956,0
10/30/2023,0,0,0,0,0,0,4312,6683,496.77,124.09848,0,25295,21577.38,103.58108,0
10/31/2023,0,0,0,0,0,0,4301,6665,503.2,121,0,26418,21091.97,78.08767,0
11/1/2023,0,0,0,0,0,0,4312,6683,493.81,129.6,0,25605,20598.16,38.48767,0
11/2/2023,0,0,0,0,0,0,4302,6667,497.6,0,0,23156,21300.56,166.48767,0
11/3/2023,0,0,0,0,0,0,4309,6678,506.08,134.4,0,23801,21994.48,162.08767,0
11/4/2023,0,0,0,0,0,0,4311,6681,504.55,34.4,0,25091,21489.93,127.68767,0
11/5/2023,0,0,0,0,0,0,4312,6683,510.37,127,0,26382,20979.56,0.68767,0
11/6/2023,0,0,0,0,0,0,4328,6707,605.49,0,0,27129,20374.07,0.68767,0
11/7/2023,0,0,0,0,0,0,4360,6757,615.4,0,0,27503,19758.67,143.68767,0
11/8/2023,0,0,0,0,0,0,4387,6799,622.67,0,0,28299,19136,233.68767,0
11/9/2023,0,0,0,0,0,0,4384,6794,628.31,0,0,25304,18507.69,353.68767,0
11/10/2023,0,0,0,0,0,0,4163,6452,570.78,27,0,26785,19066.91,416.68767,0
11/11/2023,0,0,0,0,0,0,4153,6436,487.74,134.4,0,25350,18579.17,352.28767,0
11/12/2023,0,0,0,0,0,0,4423,6855,537.81,41.5,0,25067,18041.36,372.78767,0
11/13/2023,0,0,0,0,0,0,4412,6838,528.85,136.8,0,26154,17512.51,275.98767,0
11/14/2023,0,0,0,0,0,0,4434,6872,528.06,128.8,0,26377,17884.45,204.18767,0
11/15/2023,0,0,0,0,0,0,4419,6848,517.1,134.4,0,23348,17367.35,144.78767,0
11/16/2023,0,0,0,0,0,0,4416,6844,524.99,80,0,22552,16842.36,151.78767,0
11/17/2023,0,0,0,0,0,0,4411,6836,526.85,129.6,0,23644,17635.51,89.18767,0
11/18/2023,0,0,0,0,0,0,4415,6842,529.83,66.2,0,24727,18305.68,129.98767,0
11/19/2023,0,0,0,0,0,0,4413,6839,531.78,132,0,25819,18873.9,58.98767,0
11/20/2023,0,0,0,0,0,0,4414,6841,526.78,74.4,0,26877,18347.12,29.58767,0
11/21/2023,0,0,0,0,0,0,4402,6822,530.57,85,0,25365,19136.55,4.58767,0
11/22/2023,0,0,0,0,0,0,4425,6858,569.61,57,0,25444,18566.94,0.58767,0
11/23/2023,0,0,0,0,0,0,4428,6862,639.09,0,0,26343,17927.85,100.58767,0
11/24/2023,0,0,0,0,0,0,4422,6853,625.27,0,0,22472,18602.58,183.58767,0
11/25/2023,0,0,0,0,0,0,4412,6838,637.69,0,0,22948,20164.89,198.58767,0
11/26/2023,0,0,0,0,0,0,4420,6850,535.89,124.2,0,23998,19629,132.38767,0
11/27/2023,0,0,0,0,0,0,4424,6856,528.7,62,0,25067,19100.3,150.38767,0
11/28/2023,0,0,0,0,0,0,4407,6830,533.84,132,0,25564,19746.46,73.38767,0
11/29/2023,0,0,0,0,0,0,4403,6824,525.5,109.39784,0,26551,19220.96,34.38767,0
11/30/2023,0,0,0,0,0,0,4419,6848,535.45,72.38856,0,23654,17285.64,0,0
12/1/2023,0,0,0,0,0,0,4422,6853,539.57,70,0,24775,20165.1,0,0
12/2/2023,0,0,0,0,0,0,4409,6833,633.85,10.4,0,25316,20511.25,9.6,0
12/3/2023,0,0,0,0,0,0,4421,6851,644.54,0,0,26350,19866.71,37.6,0
12/4/2023,0,0,0,0,0,0,4420,6850,648.73,0,0,26340,20297.98,82.6,0
12/5/2023,0,0,0,0,0,0,4411,6836,636.19,0,0,26191,20561.79,172.6,0
12/6/2023,0,0,0,0,0,0,4423,6855,593.17,47.2,0,26912,19968.62,155.4,0
12/7/2023,0,0,0,0,0,0,4402,6822,537.95,106.6,0,23384,20580.67,48.8,0
12/8/2023,0,0,0,0,0,0,4404,6825,535.32,117.3,0,24315,22695.35,41.5,0
12/9/2023,0,0,0,0,0,0,4406,6828,552.33,51.5,0,25244,22143.02,0,0
12/10/2023,0,0,0,0,0,0,4442,6884,548.2375106,48,0,25795,22894.78249,0,0
12/11/2023,0,0,0,0,0,0,4454,6903,532.76,0,0,26458,23712.02249,0,0
12/12/2023,0,0,0,0,0,0,4456,6906,527.32,53,0,27620,24334.70249,0,0
12/13/2023,0,0,0,0,0,0,4425,6858,584.76,50,0,28348,25149.94249,0,0
12/14/2023,0,0,0,0,0,0,4434,6872,644.26,0,0,25254,25805.68249,25,0
12/15/2023,0,0,0,0,0,0,4483,6948,638.12,0,0,26132,25167.56249,125,0
12/16/2023,0,0,0,0,0,0,4453,6901,629.94,0,0,27329,25707.62249,197,0
12/17/2023,0,0,0,0,0,0,4478,6940,630.03,0,0,27987,26037.59249,241,0
12/18/2023,0,0,0,0,0,0,4476,6937,541.47,108.8,0,28260,26841.12249,182.2,0
12/19/2023,0,0,0,0,0,0,4475,6935,548.22,115.2,0,27360,27342.90249,77,0
12/20/2023,0,0,0,0,0,0,4449,6895,539.56,115.2,0,27805,27893.34249,51.8,0
12/21/2023,0,0,0,0,0,0,4215,6532,499.15,40,0,25965,28474.19249,11.8,0
12/22/2023,0,0,0,0,0,0,4403,6824,544.02,40,0,24700,28915.17249,36.8,0
12/23/2023,0,0,0,0,0,0,4432,6869,608.26,35.3,0,25828,28306.91249,43.5,0
12/24/2023,0,0,0,0,0,0,4190,6493,612.7,0,0,23062,30089.21249,53.5,0
12/25/2023,0,0,0,0,0,0,4476,6937,634.14,0,0,23037,29447.89249,88.5,0
12/26/2023,0,0,0,0,0,0,4442,6884,621.75,0,0,24015,28826.14249,183.5,0
12/27/2023,0,0,0,0,0,0,4426,6859,622.57,0,0,25371,28203.57249,238.5,0
12/28/2023,0,0,0,0,0,0,4446,6890,555.07,92.17776,0,22606,27648.50249,186.32224,0
12/29/2023,0,0,0,0,0,0,4426,6859,551.14,110.4,0,23014,27097.36146,118.26581,0
12/30/2023,0,0,0,0,0,0,4462,6915,550.64,47.19151,0,24429,26546.72146,97.1011,0
12/31/2023,0,0,0,0,0,0,4431,6867,557.0714578,83.3,0,25320,25989.65,13.90054,0
1/1/2024,0,0,0,0,0,0,4411,6836,599.26,0,0,26601,25390.39,31.90054,0
1/2/2024,0,0,0,0,0,0,4417,7827,627.08,0,0,26504,24763.31,75.80108,0
1/3/2024,0,0,0,0,0,0,4422,6853,634.58,0,0,25153,24148.36,81.90054,0
1/4/2024,0,0,0,0,0,0,4415,6842,646.29,0,0,26527,23502.07,116.90054,0
1/5/2024,0,0,0,0,0,0,4412,6838,628.72,0,0,27036,22873.35,166.90054,0
1/6/2024,0,0,0,0,0,0,4423,6855,622.92,0,0,28155,22250.43,201.90054,0
1/7/2024,0,0,0,0,0,0,4428,6862,623.89,0,0,28592,21626.54,201.90054,0
1/8/2024,0,0,0,0,0,0,2455.1,3805,303.0215017,0,0,27837,21323.5185,223.90054,0
1/9/2024,0,0,0,0,0,0,4459,6910,504.95,148.8,0,28918,20818.5685,102.10054,0
1/10/2024,0,0,0,0,0,0,4460,6912,503.87,148.8,0,24654,20314.6985,82.5808,0
1/11/2024,0,0,0,0,0,0,4479,6941,510.41,143.5,0,25830,19804.2885,24.0808,0
1/12/2024,0,0,0,0,0,0,4462,6915,607,11.2,0,26843,19197.2885,111.8808,0
1/13/2024,0,0,0,0,0,0,4468,6924,616.6,0,0,25790,18580.6885,196.8808,0
1/14/2024,0,0,0,0,0,0,4472,6931,624.54,0,0,26624,17956.1485,261.8808,0
1/15/2024,0,0,0,0,0,0,4471,6929,632.1625747,0,0,27437,17323.98592,283.8808,0
1/16/2024,0,0,0,0,0,0,4465,6920,532.19,129.6,0,28015,17891.79592,219.2808,0
1/17/2024,0,0,0,0,0,0,4402,6822,494.94,158.4,0,24576,18496.85592,175.8808,0
1/18/2024,0,0,0,0,0,0,4414,6841,524.89,124.8,0,25616,19372.23,130.0808,0
1/19/2024,0,0,0,0,0,0,3756,5821,497.12,52.2,0,27852,19875.11,157.8808,0
1/20/2024,0,0,0,0,0,0,3516,5449,504.8945553,0,0,26687,19370.21544,214.8808,0
1/21/2024,0,0,0,0,0,0,3776,5852,489.78,55.5,0,26108,18880.43544,263.3808,0
1/22/2024,0,0,0,0,0,0,177,274,25.22,0,0,25834,18855.21544,263.3808,0
1/23/2024,0,0,0,0,0,0,0,0,0,0,0,25834,19955.21544,275.3808,0
1/24/2024,0,0,0,0,0,0,0,0,0,0,0,25834,20805.21544,335.3808,0
1/25/2024,0,0,0,0,0,0,0,0,0,0,0,25834,20805.21544,385.3808,0
1/26/2024,0,0,0,0,0,0,0,0,0,0,0,25834,20805.21544,435.3808,0
1/27/2024,0,0,0,0,0,0,541,838,48.67,0,0,24996,20756.54544,550.3808,0
1/28/2024,0,0,0,0,0,0,4132,6404,519.32,91.3,0,24095,20237.22544,459.0808,0
1/29/2024,0,0,0,0,0,0,4340,6726,547.26,96.7,0,25707,19689.97,474.22545,0
1/30/2024,0,0,0,0,0,0,4434,6872,552.28,108,0,26838,19137.69,476.22545,0
1/31/2024,0,0,0,0,0,0,4470,6927,541.7,113.8,0,25725,18607.45,495.28856,0
2/1/2024,0,0,0,0,0,0,4475,6935,547.09,108,0,23725,20256.26,577.28856,0
2/2/2024,0,0,0,0,0,0,4479,6941,528.76,130.2,0,24754,20827.5,576.08856,0
2/3/2024,0,0,0,0,0,0,4423,6855,508.41,146.5,0,24788,21219.09,619.58856,0
2/4/2024,0,0,0,0,0,0,4102,6357,448.7,163.2,0,26054,20770.39,696.38856,0
2/5/2024,0,0,0,0,0,0,3805,5897,445.7,124,0,27650,23004.69,722.38856,0
2/6/2024,0,0,0,0,0,0,3810,5905,429.01,144,0,26047,22575.68,703.38856,0
2/7/2024,0,0,0,0,0,0,4003,6204,479.97,112.8,0,24640,22095.71,660.58856,0
2/8/2024,0,0,0,0,0,0,4058,6289,493.71,108,0,26115,21602,582.58856,0
2/9/2024,0,0,0,0,0,0,4052,6280,488.43,108,0,25934,21113.57,486.58856,0
2/10/2024,0,0,0,0,0,0,4008,6211,490.64,100.8,0,25126,20622.93,385.78856,0
2/11/2024,0,0,0,0,0,0,3857,5977,468.83,100.8,0,27098,20154.1,284.98856,0
2/12/2024,0,0,0,0,0,0,3802,5892,474.28,84,0,26367,19679.82,200.98856,0
2/13/2024,0,0,0,0,0,0,3005,4657,368.09,76.8,0,26434,19311.73,124.18856,0
2/14/2024,0,0,0,0,0,0,1015,1573,141.12,6.944,0,27833,19170.61,117.24456,0
2/15/2024,0,0,0,0,0,0,0,0,0,0,0,27833,19170.61,209.24456,0
2/16/2024,0,0,0,0,0,0,0,0,0,0,0,27833,19170.61,233.24456,0
2/17/2024,0,0,0,0,0,0,702,1088,64.42,0,0,26745,19106.19,233.24456,0
2/18/2024,0,0,0,0,0,0,4006,6208,583.02,0,0,25340,18523.17,273.24456,0
2/19/2024,0,0,0,0,0,0,3983,6173,571.1,0,0,24591,17952.07,283.24456,0
2/20/2024,0,0,0,0,0,0,3674,5694,520.95,0,0,26461,17431.12,293.24456,0
2/21/2024,0,0,0,0,0,0,3678,5700,553.68,0,0,26885,16877.44,318.24456,0
2/22/2024,0,0,0,0,0,0,3750,5812,549.96,0,0,26823,16327.48,324.24456,0
2/23/2024,0,0,0,0,0,0,3902,6047,568.32,0,0,24864,15759.16,354.24456,0
2/24/2024,0,0,0,0,0,0,3905,6052,562.16,0,0,25385,16597,364.24456,0
2/25/2024,0,0,0,0,0,0,3978,6165,577.33,0,0,26235,17119.67,404.24456,0
2/26/2024,0,0,0,0,0,0,4045,6269,576.96,0,0,26970,16542.71,424.24456,0
2/27/2024,0,0,0,0,0,0,4083,6328,594.41,0,0,27466,15948.3,469.24456,0
2/28/2024,0,0,0,0,0,0,4184,6484,546.94,62.4,0,23424,17801.36,434.64754,0
2/29/2024,0,0,0,0,0,0,4202,6512,559.49,48.2,0,24357,12184.38,402.2173,0
3/1/2024,0,0,0,0,0,0,4212,6528,609.13,0,0,24848,17660.38,492.2173,0
3/2/2024,0,0,0,0,0,0,4254,6593,603.14,0,0,25825,17057.24,517.2173,0
3/3/2024,0,0,0,0,0,0,3956,6131,556.22,0,0,25704,16501.02,537.2173,0
3/4/2024,0,0,0,0,0,0,4314,6686,613.61,0,0,26582,15887.41,557.2173,0
3/5/2024,0,0,0,0,0,0,4400,6819,624.64,0,0,26774,15262.77,582.2173,0
3/6/2024,0,0,0,0,0,0,4412,6838,562.83,81,0,26902,14699.94,511.2173,0
3/7/2024,0,0,0,0,0,0,4414,6841,550.88,96,0,27028,14149.06,495.2173,0
3/8/2024,0,0,0,0,0,0,4415,6842,557.32,96,0,27091,13591.74,409.2173,0
3/9/2024,0,0,0,0,0,0,4412,6838,557.23,96,0,27180,13034.51,338.2173,0
3/10/2024,0,0,0,0,0,0,4400,6819,566.68,71,0,27180,13717.83,330.2173,0
3/11/2024,0,0,0,0,0,0,4216,6534,594.8,0,0,27265,15623.03,405.2173,0
3/12/2024,0,0,0,0,0,0,4002,6202,561.9,0,0,24012,15061.13,455.2173,0
3/13/2024,0,0,0,0,0,0,1820,2821,256.64,0,0,21191,14804.49,495.2173,0
3/14/2024,0,0,0,0,0,0,0,0,0,0,0,21191,14804.49,525.2173,0
3/15/2024,0,0,0,0,0,0,1370,2123,189.55,0,0,21244,14614.94,550.2173,0
3/16/2024,0,0,0,0,0,0,4206,6518,584.6,0,0,22141,14030.34,565.2173,0
3/17/2024,0,0,0,0,0,0,4312,6683,602.66,0,0,23145,13427.68,610.2173,0
3/18/2024,0,0,0,0,0,0,4340,6726,608.35,0,0,24224,12819.33,640.2173,0
3/19/2024,0,0,0,0,0,0,4397,6814,612.57,0,0,25218,14556.76,670.2173,0
3/20/2024,0,0,0,0,0,0,4401,6820,623.04,0,0,25281,13933.72,670.2173,0
3/21/2024,0,0,0,0,0,0,4407,6830,616.85,0,0,25655,13316.87,695.2173,0
3/22/2024,0,0,0,0,0,0,4406,6828,626.563446,0,0,25806,13790.30655,710.2173,0
3/23/2024,0,0,0,0,0,0,4408,6832,559.1582804,93,0,26188,14231.14827,652.2173,0
3/24/2024,0,0,0,0,0,0,4406,6829,537.4115179,120,0,26557,14593.73676,557.2173,0
3/25/2024,0,0,0,0,0,0,4411,6836,524.7841819,121.04199,0,25710,15168.95257,471.17531,0
3/26/2024,0,0,0,0,0,0,4406,6828,532.4241417,120,0,22989,15736.52843,351.17531,0
3/27/2024,0,0,0,0,0,0,4252,6590,525.24,99.7,0,22916,15211.28843,301.47531,0
3/28/2024,0,0,0,0,0,0,4411,6836,523.4,120,0,24057,15987.88843,246.47531,0
3/29/2024,2001,2953,210,371.93,0,0,4413,6839,535.58,120.5,0,25093,13405.54,178.76763,0
3/30/2024,2666,3944,270,453.84,0,0,4411,6836,525.26,120.6,0,24531,12426.44,183.16763,0
3/31/2024,2800,4081,345,468.74,0,0,4414,6841,534.08,120,0,24969,11423.62,114.87512,0
4/1/2024,2342,3702,0,379.63,0,0,4425,6858,522.02,120,0,20567,13176.07,76.87512,0
4/2/2024,2819,4456,0,494.95,0,0,4428,6862,540.85,108,0,22193,14490.27,88.87512,0
4/3/2024,2865,4529,0,499.63,0,0,4427,6861,552.05,108,0,23671,13438.59,90.87512,0
4/4/2024,2850,4505,0,498.45,0,0,4301,6665,529.4,95.3,0,24658,12410.74,115.57512,0
4/5/2024,2855,4513,0,498.9,0,0,4425,6858,568.37,69.8,0,26290,11343.47,155.77512,0
4/6/2024,2862,4524,0,488.9,0,0,4368,6769,624.58,0,0,26140,11329.99,180.77512,0
4/7/2024,2909,4598,0,495.43,0,0,4301,6665,603.9,0,0,28207,11380.66,320.77512,0
4/8/2024,2901,4178,408,480.03,0,0,4430,6865,625.22,0,0,29602,10275.41,330.77512,0
4/9/2024,2915,4404,204,479.16,0,0,4426,6859,565.92,64.3,0,28419,9230.33,338.47512,0
4/10/2024,2902,4242,345,479.64,0,0,4407,6830,545.8,84,0,29140,8204.89,434.47512,0
4/11/2024,2901,4106,480,488.84,0,0,4410,6834,541.63,84,0,30136,8424.42,540.47512,0
4/12/2024,2900,4224,360,497.28,0,0,4401,6820,545.07,96,0,30580,7382.07,526.47512,0
4/13/2024,2901,4226,360,497.68,0,0,4425,6858,507.4,132,0,31608,6376.99,569.47512,0
4/14/2024,2880,4417,135,491.52,0,0,4426,6859,520.13,148.8,0,27549,6265.34,505.67512,0
4/15/2024,2901,4586,0,481.73,0,0,4339,6724,475.57,168,0,21466,6658.04,460.67522,0
4/16/2024,2905,4592,0,474.78,0,0,4251,6588,517.32,102.5,0,18367,7665.94,445.17522,0
4/17/2024,2852,4508,0,486.82,0,0,4275,6625,510.89,120,0,18885,8968.23,440.17522,0
4/18/2024,2861,4522,0,505.08,0,0,4403,6824,551.83,106.7,0,19916,9911.32,408.47522,0
4/19/2024,2862,4524,0,483.58,0,0,4407,6830,527.26,120,0,21196,10100.48,316.47522,0
4/20/2024,2852,4508,0,488.75,0,0,4302,6667,513.48,115,0,22023,9098.25,211.47522,0
4/21/2024,2828,4470,0,500.86,0,0,4435,6873,542.31,120,0,23298,8055.08,111.47522,0
4/22/2024,2833,4478,0,483.31,0,0,4426,6859,538.15,120,0,24133,7033.62,116.47522,0
4/23/2024,2858,4518,0,495.43,0,0,4431,6867,524.02,120,0,25517,5793.89,144.47522,0
4/24/2024,2863,4526,0,501.78,0,0,4400,6819,554.09,108,0,24589,4738.02,221.47522,0
4/25/2024,2840,4489,0,479.01,0,0,4406,6828,549.15,108,0,25874,3737.14,263.47522,0
4/26/2024,2874,4543,0,487.61,0,0,4419,6848,562.59,95,0,23924,2686.94,254.83405,0
4/27/2024,2862,4524,0,492.17,0,0,4426,6859,548.94,108,0,25354,3345.83,320.83405,0
4/28/2024,2805,4434,0,477.2,0,0,4420,6850,543.3,108,0,26654,3125.33,350.83405,0
4/29/2024,1242,1963,0,177.42,0,0,4426,6859,527.28,108,0,27191,2420.63,257.60962,0
4/30/2024,2754,4353,0,469.74,0,0,4424,6856,532.28,107.9998,0,26896,1418.61,301.3901323,0
5/1/2024,2858,4518,0,488.57,0,0,4428,6862,522.93,120,0,27465,4911.29,181.3901323,0
5/2/2024,2846,4499,0,472.83,0,0,4426,6859,537.31,96,0,28417,5101.15,105.3899323,0
5/3/2024,2826,4467,0,463.27,0,0,4408,6831,547.06,96,0,29896,6340.82,47.3899323,0
5/4/2024,2809,4440,0,476.94,0,0,4421,6851,558.42,84,0,30097,6305.46,53.3899323,0
5/5/2024,2459,3887,0,399.94,0,0,4432,6869,536.22,96,0,28058,7669.3,137.3899323,0
5/6/2024,2826,4467,0,461.09,0,0,4409,6833,536.53,108,0,28873,7971.68,124.3899323,0
5/7/2024,2837,4484,0,465.93,0,0,4401,6820,533.64,111.6,0,30112,8172.11,142.7899323,0
5/8/2024,2818,4454,0,463.24,0,0,4403,6824,524.22,132,0,29664,10184.65,140.7899323,0
5/9/2024,2829,4472,0,469.17,0,0,4418,6847,522.81,132,0,26900,10192.67,153.7899323,0
5/10/2024,2787,4405,0,453.736101,0,0,4420,6850,494.6645971,132,0,26085,9994.269302,111.7899323,0
5/11/2024,2806,4435,0,468.8781183,0,0,4420,6850,522.9781511,132,0,23320,11202.41303,57.7899323,0
5/12/2024,2809,4440,0,484.16,0,0,4422,6853,527.42,132,0,24677,10190.83303,85.7899323,0
5/13/2024,2832,4477,0,461.09,0,0,4412,6838,520.84,132,0,25301,9208.903032,78.7899323,0
5/14/2024,2860,4521,0,465.69,0,0,4422,6853,523.17,127.4,0,25779,8220.043032,41.3899323,0
5/15/2024,2856,4514,0,499.75,0,0,4417,6845,512.58,120,0,26548,7207.713032,76.3899323,0
5/16/2024,2900,4584,0,493.7,0,0,4420,6850,513.85,120,0,27081,6204.567395,26.3899323,0
5/17/2024,2906,4594,0,496.19,0,0,4418,6847,540.69,108,0,27331,6467.687395,63.3899323,0
5/18/2024,2926,4625,0,511.5,0,0,4417,6845,534.49,108,0,28686,6471.697395,28.3899323,0
5/19/2024,2926,4625,0,503.44,0,0,4424,6856,523.44,108,0,29658,7744.817395,54.3899323,0
5/20/2024,2928,4628,0,484.8277335,0,0,4415.7,6843,556.5211084,96.0001,0,26776,7653.468553,33.3898323,0
5/21/2024,2863,4526,0,477.82,0,0,4422,6853,557.58,96,0,27803,7868.067395,42.3899323,0
5/22/2024,2904,4590,0,510.57,0,0,4423,6855,560.09,96,0,26043,8997.407395,26.3899323,0
5/23/2024,2893,4573,0,505.210716,0,0,4423,6855,535.182329,120,0,27120,7957.01435,48.3899323,0
5/24/2024,2869,4535,0,474.86,0,0,4375,6780,633.11,0,0,27820,6849.04435,202.3899323,0
5/25/2024,2890,4568,0,479.37,0,0,4421,6851,538.4501515,120,0,28290,6731.224198,217.3899323,0
5/26/2024,2892,4571,0,479.09,0,0,4415,6842,521,132,0,29637,6681.134198,196.3899323,0
5/27/2024,2863,4526,0,458.81,0,0,4424,6856,502.53,120,0,30913,7819.794198,101.3899323,0
5/28/2024,2884,4559,0,465.88,0,0,4422,6853,547.31,108,0,31760,8106.604198,68.3899323,0
5/29/2024,2890,4636,0,483.44,0,0,4424,6856,556.36,96,0,32827,8166.804198,84.1212523,0
5/30/2024,2881,4554,0,480.41,0,0,4422,6853,558.21,84,0,29243,9228.184198,53.9230023,0
5/31/2024,2852,4508,0,479.6650647,0,0,4425,6858,551.0691337,96,0,29993,1054.49,27.8133,0
6/1/2024,2881,4554,0,466.26,0,0,4422,6853,630.11,0,0,31192,9172.19,49.8133,0
6/2/2024,2866,4530,0,503.08,0,0,4423,6855,630.39,0,0,30961,9388.72,91.8133,0
6/3/2024,2754,4353,0,478.06,0,0,4422,6853,567.41,86,0,31399,10593.25,65.8133,0
6/4/2024,2802,4429,0,486.78,0,0,4421,6851,562.99,96,0,32655,8273.48,64.8133,0
6/5/2024,2850,4505,0,479.11,0,0,4430,6865,657.5,0,0,33511,7136.87,167.8133,0
6/6/2024,1400,2213,0,230.38,0,0,4431,6867,638.93,0,0,34325,6267.56,287.8133,0
6/7/2024,2805,4434,0,498.4,0,0,4420,6850,525.6,120,0,31700,5243.56,327.8133,0
6/8/2024,2809,4440,0,502.93,0,0,4419,6848,525.51,120,0,33141,4215.12,341.8133,0
6/9/2024,2802,4429,0,496.78,0,0,4426,6859,523.14,120,0,34604,4495.2,339.8133,0
6/10/2024,2825,4465,0,483.48,0,0,4422,6853,535.57,120,0,36113,4676.15,284.8133,0
6/11/2024,2886,4562,0,485.52,0,0,4423,6855,531.12,120,0,35463,4659.51,204.8133,0
6/12/2024,2578,4075,0,453.55,0,0,4418,6847,529.37,120,0,36457,4976.59,251.8133,0
6/13/2024,2843,4494,0,492.42,0,0,4403,6824,526.79,120,0,32887,6457.38,246.8133,0
6/14/2024,2836,4483,0,485.7,0,0,4419,6848,537.58,120,0,33921,7634.1,250.8133,0
6/15/2024,2809,4440,0,464.9,0,0,4425,6858,533.28,120,0,35230,6635.92,208.8133,0
6/16/2024,2846,4499,0,490.75,0,0,4427,6861,555.77,120,0,36451,5589.4,191.8133,0
6/17/2024,2890,4568,0,475.82,0,0,4413,6839,539.18,120,0,37450,4574.4,91.8133,0
6/18/2024,2822,4461,0,498.98,0,0,4418,6847,546.28,120,0,38710,3529.14,91.8133,0
6/19/2024,2823,4462,0,496.22,0,0,4403,6824,544.46,120,0,37733,4138.46,91.8133,0
6/20/2024,2879,4551,0,505.28,0,0,4420,6850,547.53,120,0,34492,3885.65,91.8133,0
6/21/2024,2896,4578,0,492.44,0,0,4423,6855,543.41,120,0,35527,3749.8,108.8133,0
6/22/2024,2843,4494,0,496.81,0,0,4420,6850,519.7,120,0,36567,3983.29,76.8133,0
6/23/2024,2805,4434,0,491.86,0,0,4402,6822,580.51,96,0,32895,4090.92,35.8133,0
6/24/2024,2523,3588,400,428.2975941,0,0,4425,6858,558.2892757,84.6133,0,27696,4154.33313,1.2,0
6/25/2024,2824,4104,360,496.48,0,0,4424,6856,549.08,96,0,28990,4308.77313,45.2003,0
6/26/2024,2921,4617,0,494.9,0,0,4423,6855,538.91,108,0,30183,3904.96313,82.2003,0
6/27/2024,2903,4589,0,469.53,0,0,4420,6850,553.67,96,0,30012,2938.23313,56.2003,0
6/28/2024,2892,4571,0,501.8,0,0,4383,6793,519.06,115,0,26940,1953.44313,51.027,0
6/29/2024,2906,4594,0,500.38,0,0,4432,6869,521.75,120,0,27758,8349.63313,41.51228,0
6/30/2024,2896,4578,0,508.93,0,0,4427,6861,566.91,72,0,29149,2128.36,8.37499,0
7/1/2024,2901,4586,0,488.29,0,0,4428,6862,633.37,0,0,30183,9047.91313,63.37499,0
7/2/2024,2899,4582,0,466.02,0,0,4418,6847,642.1,0,0,28500,9639.79313,145.37499,0
7/3/2024,2887,4563,0,502.65,0,0,4424,6856,545.41,108,0,29705,8591.73313,137.37499,0
7/4/2024,2896,4578,0,496.73,0,0,4425,6858,514.06,108,0,26270,7580.94313,119.37499,0
7/5/2024,2890,4568,0,487.8,0,0,4425,6858,544.35,108,0,27430,6548.79313,101.37499,0
7/6/2024,2895,4576,0,490.26,0,0,4424,6856,544.8,108,0,28593,5513.73313,58.37499,0
7/7/2024,2880,4552,0,481.49,0,0,4407,6830,527.91,108,0,29750,4504.33313,110.37499,0
7/8/2024,2888,4565,0,478.14,0,0,4428,6862,537.09,96,0,29728,4389.10313,24.37499,0
7/9/2024,2884,4559,0,471.55,0,0,4425,6858,609.62,0,0,28424,5507.93313,96.37499,0
7/10/2024,2894,4575,0,477.66,0,0,4433,6870,536.76,96,0,25678,6943.51313,100.37499,0
7/11/2024,2890,4568,0,477.76,0,0,4427,6861,537.29,96,0,26777,7278.46313,128.67062,0
7/12/2024,2891,4570,0,473.27,0,0,4428,6862,526.25,108,0,26118,7358.94313,135.67062,0
7/13/2024,2897,4579,0,473.5,0,0,4428,6862,512.9,120,0,27310,8822.54313,215.67062,0
7/14/2024,2900,4584,0,490.78,0,0,4425,6858,521.12,120,0,28524,7810.64313,235.67062,0
7/15/2024,2902,4587,0,493.43,0,0,4427,6861,520.31,120,0,24342,6796.90313,175.67062,0
7/16/2024,2896,4578,0,482.64,0,0,4426,6859,522.01,120,0,19860,8192.25313,265.67062,0
7/17/2024,2891,4570,0,467.86,0,0,4420,6850,523.83,120,0,20148,9000.56313,260.67062,0
7/18/2024,1575,2490,0,241.45,0,0,4422,6853,501.46,132,0,19774,10257.65313,241.67062,0
7/19/2024,2750,4347,0,447.93,0,0,4401,6820,492.98,132,0,21250,11916.74313,184.67062,0
7/20/2024,2601,4111,0,445.6,0,0,4005,6207,459.55,120,0,21616,13411.59313,239.67062,0
7/21/2024,2598,4107,0,437.75,0,0,4103,6359,454,132,0,22786,12519.84313,237.67062,0
7/22/2024,2603,4115,0,437.23,0,0,4102,6357,461.19,132,0,24489,11621.42313,180.67062,0
7/23/2024,2601,4111,0,431.7,0,0,4106,6363,465.91,132,0,23144,11723.81313,173.67062,0
7/24/2024,2602,4113,0,458.78,0,0,4103,6359,466.94,132,0,23711,12078.09313,191.67062,0
7/25/2024,2605,4118,0,460.6,0,0,4106,6363,477.18,120,0,26153,11140.31313,126.67062,0
7/26/2024,2603,4115,0,430.5689438,0,0,4105,6362,470.514813,119.97062,0,24791,11539.22937,156.7,0
7/27/2024,2608,4122,0,433.0398506,0,0,4103,6359,480.3773323,119.9,0,27224,12825.81219,101.8,0
7/28/2024,2606,4119,0,433.608852,0,0,4103,6359,480.2568026,119.9,0,28773,12911.94654,86.9,0
7/29/2024,2612,4129,0,433.91,0,0,4109,6368,487.4,119.9,0,27271,14190.63313,62,0
7/30/2024,1412,2232,0,237.5635548,0,0,4108,6366,495.7529225,100,0,28235,17057.31665,12,0
7/31/2024,0,0,0,0,0,0,4426,6859,552.68,93.4,0,29447,7202.18,38.97265,0
8/1/2024,0,0,0,0,0,0,4421,6851,527.63,120,0,29094,17463.76313,48.97265,0
8/2/2024,1227,1940,0,161.66,0,0,4426,6859,522.18,120,0,28687,18339.92313,83.97265,0
8/3/2024,2607,4121,0,450.62,0,0,4428,6862,514.38,132,0,29632,17374.92313,121.97265,0
8/4/2024,2802,4429,0,479.33,0,0,4415,6842,504.54,132,0,30754,16391.05313,74.97265,0
8/5/2024,2820,4458,0,463.94,0,0,4418,6847,512.08,120,0,32369,15415.03313,69.97265,0
8/6/2024,2845,4497,0,463.09,0,0,4420,6850,504.19,132,0,30362,15397.75313,152.97265,0
8/7/2024,2838,4486,0,476.62,0,0,4417,6845,497.53,144,0,31615,14423.60313,223.97265,0
8/8/2024,2823,4462,0,478.32,0,0,4415,6842,495.73,144,0,27868,13449.55313,194.97265,0
8/9/2024,2827,4469,0,479.77,0,0,4418,6847,482.94,156,0,27398,12486.84313,258.97265,0
8/10/2024,2847,4500,0,469.97,0,0,4422,6853,496.17,156,0,27416,11520.70313,257.97265,0
8/11/2024,2825,4465,0,459.64,0,0,4411,6836,493.59,168,0,27717,10567.47313,289.97265,0
8/12/2024,2807,4437,0,477.23,0,0,4422,6853,487.14,180,0,28932,10903.10313,252.27701,0
8/13/2024,2826,4467,0,483.12,0,0,4202,6512,450.1,184,0,21545,9969.88313,68.27701,0
8/14/2024,2828,4470,0,482.75,0,0,0,0,0,0,0,22059,9487.13313,72.89312,0
8/15/2024,2826,4467,0,462.01,0,0,0,0,0,0,0,22548,9875.12313,72.89312,0
8/16/2024,2842,4492,0,467.56,0,0,0,0,0,0,0,22934,10707.56313,72.89312,0
8/17/2024,2849,4503,0,462.25,0,0,0,0,0,0,0,23310,12145.31313,72.89312,0
8/18/2024,2850,4505,0,475.74,0,0,0,0,0,0,0,23659,11669.57313,72.89312,0
8/19/2024,2843,4494,0,491.16,0,0,0,0,0,0,0,24016,12278.41313,72.89312,0
8/20/2024,2858,4518,0,490.14,0,0,0,0,0,0,0,24324,11788.27313,72.89312,0
8/21/2024,2855,4513,0,475.92,0,0,0,0,0,0,0,24642,11312.35313,72.89312,0
8/22/2024,645,1020,0,94.91,0,0,0,0,0,0,0,24357,11217.44313,72.89312,0
8/23/2024,2840,4489,0,460.89,0,0,0,0,0,0,0,22958,11706.55313,72.89312,0
8/24/2024,2847,4500,0,479.6,0,0,0,0,0,0,0,23166,12126.95313,72.89312,0
8/25/2024,2851,4507,0,479.88,0,0,0,0,0,0,0,23270,12747.07313,72.89312,0
8/26/2024,2870,4537,0,469.54,0,0,0,0,0,0,0,23521,14327.53313,72.89312,0
8/27/2024,2849,4503,0,484.18,0,0,0,0,0,0,0,23893,15223.35313,72.89312,0
8/28/2024,2830,4473,0,473.25,0,0,0,0,0,0,0,22822,15700.10313,72.89312,0
8/29/2024,2848,4502,0,470.7,0,0,0,0,0,0,0,23299,16579.40313,72.89312,0
8/30/2024,2845,4497,0,494.26,0,0,0,0,0,0,0,23676,17385.14313,72.89312,0
8/31/2024,2801,4428,0,486.14,0,0,0,0,0,0,0,23191,14090.79,72.89312,0
9/1/2024,2812,4445,0,474.67,0,0,0,0,0,0,0,23572,17276.28313,127.89312,0
9/2/2024,2856,4514,0,463.85,0,0,0,0,0,0,0,22560,16812.43313,232.89312,0
9/3/2024,2847,4500,0,463.61,0,0,0,0,0,0,0,22875,18448.82313,362.89312,0
9/4/2024,2859,4519,0,491.13,0,0,2854,4423,406.94,0,0,18941,17550.75313,477.89312,0
9/5/2024,2864,4527,0,483.29,0,0,4201,6511,545.71,55,0,16684,16521.75313,527.89312,0
9/6/2024,2802,4429,0,494.9,0,0,4205,6517,500.14,120,0,14572,15526.71313,504.89312,0
9/7/2024,2801,4428,0,494.45,0,0,4246,6580,506.76,120,0,14591,14525.50313,467.89312,0
9/8/2024,2876,4546,0,502.38,0,0,4268,6614,509.04,120,0,13504,13514.08313,444.89312,0
9/9/2024,2864,4527,0,487.19,0,0,4345,6734,521.04,111,0,12877,12505.85313,453.89312,0
9/10/2024,2846,4499,0,484.96,0,0,4402,6822,508.29,132,0,14411,13512.60313,423.89312,0
9/11/2024,2837,4484,0,487.69,0,0,4405,6827,515.19,132,0,16046,13659.72313,374.89312,0
9/12/2024,2849,4503,0,481.77,0,0,4408,6831,508.64,144,0,17615,12669.31313,380.89312,0
9/13/2024,1645,2600,0,279.4256686,0,0,4420,6850,516.0540394,144,0,17637,11873.83342,336.89312,0
9/14/2024,0,0,0,0,0,0,4306,6673,516.6838131,125,0,18493,11357.14961,329.89312,0
9/15/2024,0,0,0,0,0,0,4456,6906,538.17,116,0,17793,10818.97961,301.89312,0
9/16/2024,0,0,0,0,0,0,4458,6909,598.01,41.7,0,18441,10220.96961,360.19312,0
9/17/2024,0,0,0,0,0,0,4420,6850,514.87,132,0,19684,11106.09961,363.19312,0
9/18/2024,0,0,0,0,0,0,4415,6842,539.79,120,0,20545,11866.30961,358.19312,0
9/19/2024,0,0,0,0,0,0,4420,6850,518.36,132,0,21751,12217.94961,341.19312,0
9/20/2024,0,0,0,0,0,0,4231,6557,482.85,144,0,19143,12985.09961,322.19312,0
9/21/2024,0,0,0,0,0,0,4205,6517,473.42,144,0,20428,13461.67961,256.19312,0
9/22/2024,0,0,0,0,0,0,4202,6512,449.99,168,0,21671,13011.68961,213.19312,0
9/23/2024,0,0,0,0,0,0,4010,6215,452.54,144,0,22991,13659.14961,81.19312,0
9/24/2024,0,0,0,0,0,0,4009,6213,470.12,132,0,23823,14189.02961,139.19312,0
9/25/2024,0,0,0,0,0,0,4007,6210,482.42,120,0,25219,16756.60961,97.19312,0
9/26/2024,0,0,0,0,0,0,4005,6207,482.36,120,0,21729,17524.24961,60.19312,0
9/27/2024,0,0,0,0,0,0,4010,6215,484.26,120,0,23632,17039.98961,80.19312,0
9/28/2024,0,0,0,0,0,0,4008,6211,465.1,120,0,25540,17374.88961,42.19312,0
9/29/2024,0,0,0,0,0,0,4009,6213,563.31,0,0,25624,16811.57961,77.19312,0
9/30/2024,0,0,0,0,0,0,4005,6207,497.19,77.5,0,25169,16208.04,131.85551,0
10/1/2024,0,0,0,0,0,0,4007,6210,491.39,92.5,0,24880,16816.65,154.35551,0
10/2/2024,0,0,0,0,0,0,4016,6224,557.33,24,0,26680,17359.32,167.35551,0
10/3/2024,0,0,0,0,0,0,4020,6230,502.33,85,0,23458,16856.99,247.35551,0
10/4/2024,0,0,0,0,0,0,4016,6224,506.31,90,0,25208,14150.68,231.35551,0
10/5/2024,0,0,0,0,0,0,4020,6230,479.62,110,0,26660,13671.06,213.35551,0
10/6/2024,0,0,0,0,0,0,4018,6227,462.13,112.5,0,26794,16708.93,165.85551,0
10/7/2024,0,0,0,0,0,0,4015,6222,483.39,96,0,26509,17525.54,119.85551,0
10/8/2024,0,0,0,0,0,0,4020,6230,479.91,108,0,28119,17045.63,94.85551,0
10/9/2024,0,0,0,0,0,0,4012,6218,508.36,79.2,0,26297,16537.27,95.65551,0
10/10/2024,0,0,0,0,0,0,3675,5695,464.12,68.4,0,25075,16073.15,182.25551,0
10/11/2024,0,0,0,0,0,0,4205,6517,493.33,132,0,26438,10779.82,150.25551,0
10/12/2024,0,0,0,0,0,0,4210,6524,502.29,120,0,26559,10277.53,125.25551,0
10/13/2024,0,0,0,0,0,0,4250,6586,520.96,96,0,25835,18356.57,109.25551,0
10/14/2024,0,0,0,0,0,0,4248,6583,596.9,0,0,27156,17759.67,144.25551,0
10/15/2024,0,0,0,0,0,0,4228,6552,502.17,121,0,27823,17257.5,135.25551,0
10/16/2024,0,0,0,0,0,0,4409,6833,520.81,132,0,24011,17686.69,70.25551,0
10/17/2024,0,0,0,0,0,0,4414,6841,536.17,108,0,25072,18050.52,77.25551,0
10/18/2024,0,0,0,0,0,0,4413,6839,537.512,120,0,26094,8136.69,61.25551,0
10/19/2024,0,0,0,0,0,0,4260,6602,526.17,108,0,27322,8136.69,72.25551,0
10/20/2024,0,0,0,0,0,0,4208,6521,506.5,120,0,28679,19430.338,79.25551,0
10/21/2024,0,0,0,0,0,0,4205,6517,526.74,97.5,0,28434,18903.598,56.75551,0
10/22/2024,0,0,0,0,0,0,4207,6520,507.96,120,0,30000,18395.638,116.75551,0
10/23/2024,0,0,0,0,0,0,4206,6518,491.16,144,0,26675,17904.478,152.75551,0
10/24/2024,0,0,0,0,0,0,4208,6521,483.12,156,0,28163,8136.69,166.75551,0
10/25/2024,0,0,0,0,0,0,4205,6517,486.58,144,0,29576,8136.69,142.75551,0
10/26/2024,0,0,0,0,0,0,4207,6520,490.99,144,0,30272,8136.69,118.75551,0
10/27/2024,0,0,0,0,0,0,4206,6518,521.36,97.5,0,30021,18022.42792,53.25551,0
10/28/2024,0,0,0,0,0,0,4208,6521,515.11,96,0,29688,17507.32,72.25551,0
10/29/2024,0,0,0,0,0,0,4206,6518,500.74,110,0,28385,17006.58,99.25551,0
10/30/2024,0,0,0,0,0,0,4205,6517,479.4503862,144,0,30101,16527.13259,176.29618,0
10/31/2024,0,0,0,0,0,0,4209,6523,507.62,108,0,27352,16027.68,110.23581,0
11/1/2024,0,0,0,0,0,0,4351,6743,531.16,120,0,28723,8136.69,140.23581,0
11/2/2024,0,0,0,0,0,0,4349,6740,509.29,144,0,29648,8136.69,124.23581,0
11/3/2024,0,0,0,0,0,0,4402,6822,526.36,120,0,30350,8136.69,134.23581,0
11/4/2024,0,0,0,0,0,0,4450,6896,545.02,110,0,30019,8136.69,99.23581,0
11/5/2024,0,0,0,0,0,0,4453,6901,545.57,120,0,31046,8136.69,129.23581,0
11/6/2024,0,0,0,0,0,0,4448,6893,527.7,144,0,26409,8136.69,160.23581,0
11/7/2024,0,0,0,0,0,0,4448,6893,525.31,132,0,27428,8136.69,138.23581,0
11/8/2024,0,0,0,0,0,0,4474,6934,590.08,70,0,28108,8136.69,188.23581,0
11/9/2024,0,0,0,0,0,0,4484,6949,554.94,117.5,0,28649,8136.69,240.73581,0
11/10/2024,0,0,0,0,0,0,4253,6591,517.23,120,0,29677,13885.02,175.73581,0
11/11/2024,0,0,0,0,0,0,4250,6586,499.54,132,0,30596,14365.48,153.73581,0
11/12/2024,0,0,0,0,0,0,4403,6824,521.62,132,0,26696,13843.86,146.73581,0
11/13/2024,0,0,0,0,0,0,4487,6954,533.27,132,0,27302,13310.59,139.73581,0
11/14/2024,0,0,0,0,0,0,4502,6977,539.51,132,0,27530,12771.08,127.73581,0
11/15/2024,0,0,0,0,0,0,4501,6975,559.49,108,0,28106,5982.8,126.73581,0
11/16/2024,0,0,0,0,0,0,4491,6960,569.59,96,0,28763,5413.21,68.73581,0
11/17/2024,0,0,0,0,0,0,4504,6980,576.65,84,0,29656,13045.35,27.73581,0
11/18/2024,0,0,0,0,0,0,4450,6896,568.37,88,0,29869,13426.98,39.73581,0
11/19/2024,0,0,0,0,0,0,4472,6931,563.25,108,0,30914,12863.73,51.73581,0
11/20/2024,0,0,0,0,0,0,4492,6962,547.66,120,0,30630,13216.07,96.73581,0
11/21/2024,0,0,0,0,0,0,4500,6974,567.02,94.40487,0,30293,13989.05,42.33094,0
11/22/2024,0,0,0,0,0,0,4502,6977,549.7386568,108,0,27019,2040.521343,88.33094,0
11/23/2024,0,0,0,0,0,0,4502,6977,564.4269148,96,0,27777,1476.094428,77.33094,0
11/24/2024,0,0,0,0,0,0,4503,6979,566.51,96,0,28741,14128.37443,85.33094,0
11/25/2024,0,0,0,0,0,0,4493,6963,561.34,96,0,26079,14887.03443,59.33094,0
11/26/2024,0,0,0,0,0,0,4505,6982,570.18,96,0,27115,14316.85443,38.33094,0
11/27/2024,0,0,0,0,0,0,4506,6983,570.15,96,0,27727,14846.70443,34.33094,0
11/28/2024,0,0,0,0,0,0,4495,6966,565.82,96,0,28795,14280.88443,40.33094,0
11/29/2024,0,0,0,0,0,0,4492,6962,536.42,120,0,29958,0,43.33094,0
11/30/2024,0,0,0,0,0,0,4494,6965,521.59,132,0,28976,10008.41,84.19878,0
12/1/2024,0,0,0,0,0,0,4488,6955,573.55,96,0,29938,14297.3,18.19878,0
12/2/2024,0,0,0,0,0,0,4509,6988,601.73,68,0,30114,13695.57,5.19878,0
12/3/2024,0,0,0,0,0,0,4506,6983,586.69,82,0,25777,13108.88,13.19878,0
12/4/2024,0,0,0,0,0,0,4505,6982,577.15,96,0,26790,12531.73,12.19878,0
12/5/2024,0,0,0,0,0,0,4506,6983,545.5,132,0,27636,13286.23,53.19878,0
12/6/2024,0,0,0,0,0,0,4501,6975,550.2343667,120,0,28195,5.12E-12,48.19878,0
12/7/2024,0,0,0,0,0,0,4505,6982,544.4329925,120,0,28740,5.12E-12,53.19878,0
12/8/2024,0,0,0,0,0,0,4506,6983,562.46,96,0,29296,15929.10264,17.19878,0
12/9/2024,0,0,0,0,0,0,4509,6988,564.32,96,0,28571,17464.78264,16.19878,0
12/10/2024,0,0,0,0,0,0,4505,6982,558.09,96,0,29188,17986.69264,5.19878,0
12/11/2024,0,0,0,0,0,0,4503,6979,546.17,108,0,25056,18540.52264,22.19878,0
12/12/2024,0,0,0,0,0,0,4504,6980,559.23,96,0,24677,19361.34,2.19878,0
12/13/2024,0,0,0,0,0,0,4501,6975,558.27,108,0,25635,5.12E-12,36.19878,0
12/14/2024,0,0,0,0,0,0,4502,6977,553.15,115.5,0,26467,5.12E-12,3.69878,0
12/15/2024,0,0,0,0,0,0,4504,6980,592.91,66,0,27290,5.12E-12,4.69878,0
12/16/2024,0,0,0,0,0,0,4455,6904,636.18,0,0,28164,5.12E-12,54.69878,0
12/17/2024,0,0,0,0,0,0,4456,6906,550.13,108,0,26917,5.12E-12,43.69878,0
12/18/2024,0,0,0,0,0,0,4457,6907,551.06,108,0,27110,5.12E-12,42.69878,0
12/19/2024,0,0,0,0,0,0,4453,6901,534.86,108,0,27781,5.12E-12,9.69878,0
12/20/2024,0,0,0,0,0,0,4451,6898,585.21,54,0,22951,5.12E-12,15.69878,0
12/21/2024,0,0,0,0,0,0,4445,6889,644.12,0,0,23795,5.12E-12,88.69878,0
12/22/2024,0,0,0,0,0,0,3495,5416,496.38,0,0,25085,5.12E-12,130.69878,0
12/23/2024,0,0,0,0,0,0,0,0,0,0,0,25085,5.12E-12,233.69878,0
12/24/2024,0,0,0,0,0,0,3733,5785,445.05,88,0,24322,5.12E-12,190.69878,0
12/25/2024,0,0,0,0,0,0,4403,6824,513.53,144,0,25422,5.12E-12,198.69878,0
12/26/2024,0,0,0,0,0,0,4455,6904,519.28,144,0,22813,20806.72,149.69878,0
12/27/2024,0,0,0,0,0,0,4481,6944,532.48,132,0,23272,5.12E-12,114.69878,0
12/28/2024,0,0,0,0,0,0,4475,6935,530.82,132,0,24312,5.12E-12,55.69878,0
12/29/2024,0,0,0,0,0,0,4482,6946,550.01,120,0,25342,19193.41,37.69878,0
12/30/2024,0,0,0,0,0,0,4505,6982,579.99,96,0,26285,18613.42,18.82973,0
12/31/2024,0,0,0,0,0,0,4502,6977,654.32,0,0,24614,18482.31,131.34247,0
1/1/2025,0,0,0,0,0,0,4504,482,540.21,120,0,25322,17942.1,66.34247,0
1/2/2025,0,0,0,0,0,0,4505,178,644.55,0,0,22288,17297.55,106.34247,0
1/3/2025,0,0,0,0,0,0,4503,491,554.83,96,0,21919,16742.72,123.34247,0
1/4/2025,0,0,0,0,0,0,4504,179,545.51,108,0,22869,16197.21,95.34247,0
1/5/2025,0,0,0,0,0,0,4505,597,547.94,108,0,23814,15649.27,89.34247,0
1/6/2025,0,0,0,0,0,0,4156,699,493.59,96.7,0,24449,15155.68,72.64247,962.62
1/7/2025,0,0,0,0,0,0,4213,700,549.82,42.5,0,25610,14605.86,215.14247,962.62
1/8/2025,0,0,0,0,0,0,4204,596,605.69,0,0,22896,14000.17,328.14247,962.62
1/9/2025,0,0,0,0,0,0,4206,1243,609.77,0,0,24621,15390.4,413.14247,962.62
1/10/2025,0,0,0,0,0,0,4254,1247,598.98,0,0,25592,16091.42,480.14247,962.62
1/11/2025,0,0,0,0,0,0,4305,700,504.57,120,0,26370,17786.85,495.14247,962.62
1/12/2025,0,0,0,0,0,0,4250,1152,571.44,32.5,0,25810,17215.41,497.64247,962.62
1/13/2025,0,0,0,0,0,0,4252,686,588.5,33,0,26187,16626.91,526.64247,962.62
1/14/2025,0,0,0,0,0,0,4203,700,617.1,0,0,26517,16989.81,646.64247,962.62
1/15/2025,0,0,0,0,0,0,3320,180,482.08,0,0,22516,17627.73,736.64247,962.62
1/16/2025,0,0,0,0,0,0,2685,0,376.01,0,0,21095,17251.72,811.64247,962.62
1/17/2025,0,0,0,0,0,0,4208,0,607.43,0,0,21630,17944.29,915.64247,962.62
1/18/2025,0,0,0,0,0,0,4201,1236,615.65,0,0,22206,18648.64,1025.64247,962.62
1/19/2025,0,0,0,0,0,0,4204,0,617.29,0,0,22423,19081.35,1103.64247,962.62
1/20/2025,0,0,0,0,0,0,4203,0,618.68,0,0,22205,18462.67,1228.64247,962.62
1/21/2025,0,0,0,0,0,0,4201,0,608.94,0,0,22497,17853.73,1373.64247,962.62
1/22/2025,0,0,0,0,0,0,854,0,112.43,0,0,21282,17741.3,1423.64247,962.62
1/23/2025,0,0,0,0,0,0,3687,406,514.77,0,0,16972,19576.53,1571.8744,962.62
1/24/2025,0,0,0,0,0,0,4375,666,527.89,120,0,18115,19998.64,1516.8744,962.62
1/25/2025,0,0,0,0,0,0,4409,128,516.55,120,0,19257,19482.09,1525.75536,962.62
1/26/2025,0,0,0,0,0,0,4401,486,533.99,96,0,19791,18948.1,1507.75536,962.62
1/27/2025,0,0,0,0,0,0,4403,188,510.86,120,0,19718,20327.29,1412.30756,962.62
1/28/2025,0,0,0,0,0,0,4402,0,503.52,132,0,20818,19823.77,1280.30756,962.62
1/29/2025,0,0,0,0,0,0,4406,0,503.47,132,0,20074,19320.3,1148.30756,962.62
1/30/2025,0,0,0,0,0,0,4405,0,501.04,132,0,19142,18819.26,1016.30756,962.62
1/31/2025,0,0,0,0,0,0,4407,0,510.29,132,0,19575,13361.87,884.30756,962.62
2/1/2025,0,0,0,0,0,0,4413,0,510.12,144,0,18105,17798.85,740.30756,962.62
2/2/2025,0,0,0,0,0,0,4412,981,503.38,144,0,19194,17295.47,596.30756,962.62
2/3/2025,0,0,0,0,0,0,4415,1150,520.22,132,0,20161,16775.25,482.30756,962.62
2/4/2025,0,0,0,0,0,0,4421,385,515.28,138,0,20870,16259.97,361.30756,962.62
2/5/2025,0,0,0,0,0,0,3870,1235,448.48,124.9,0,17391,15811.49,251.40756,962.62
2/6/2025,0,0,0,0,0,0,4356,1229,512.88,121.5,0,15996,15298.61,227.90756,962.62
2/7/2025,0,0,0,0,0,0,4428,1155,519.26,144,0,17057,14779.35,140.90756,962.62
2/8/2025,0,0,0,0,0,0,4432,610,520.36,144,0,18234,14258.99,76.90756,962.62
2/9/2025,0,0,0,0,0,0,4425,1236,537.75,120,0,19302,13721.24,40.90756,962.62
2/10/2025,0,0,0,0,0,0,4441,455,587.7,64,0,20463,13133.54,31.90756,962.62
2/11/2025,0,0,0,0,0,0,4440,1210,563.02,96,0,21559,13720.52,18.90756,962.62
2/12/2025,0,0,0,0,0,0,4443,51,569.01,96,0,22242,14251.51,15.90756,962.62
2/13/2025,0,0,0,0,0,0,4442,0,588.53,64,0,20384,16012.98,21.90756,962.62
2/14/2025,0,0,0,0,0,0,4436,503,578.36,80,0,21531,15434.62,11.90756,962.62
2/15/2025,0,0,0,0,0,0,4443,691,554.44,108,0,19924,16130.18,21.90756,962.62
2/16/2025,0,0,0,0,0,0,4432,1237,538.04,108,0,21127,17442.14,15.90756,962.62
2/17/2025,0,0,0,0,0,0,4439,163,575.87,72,0,22366,17846.27,18.90756,962.62
2/18/2025,0,0,0,0,0,0,4445,0,541.87,108,0,23596,17304.4,30.90756,962.62
2/19/2025,0,0,0,0,0,0,4442,483,541.31,108,0,24470,18013.09,34.90756,962.62
2/20/2025,0,0,0,0,0,0,4441,742,516.1,120,0,21400,18746.99,94.90756,962.62
2/21/2025,0,0,0,0,0,0,4442,0,558.21,65,0,20395,18188.78,137.90756,962.62
2/22/2025,0,0,0,0,0,0,4426,463,507.93,132,0,21537,18960.85,123.90756,962.62
2/23/2025,0,0,0,0,0,0,4182,1034,489.31,126,0,22476,19471.54,199.90756,962.62
2/24/2025,0,0,0,0,0,0,4441,182,508.81,144,0,23451,20062.73,80.90756,962.62
2/25/2025,0,0,0,0,0,0,4420,350,485.56,144,0,24509,20627.17,96.90756,962.62
2/26/2025,0,0,0,0,0,0,4441,1053,492.84,120,22.46676923,25473,20134.33,61.90756,943.24
2/27/2025,0,0,0,0,0,0,4434,178,474.42,132,40.08281018,26160,22659.91,106.90756,908.5
2/28/2025,0,0,0,0,0,0,4437,639,484.72,120,39.70695535,27185,18082.77,57.90683,874.14
3/1/2025,0,0,0,0,0,0,4438,6878,480.81,120,39.76094659,28185,25422.61,52.90683,839.71
3/2/2025,0,0,0,0,0,0,4437,6876,504.7,96,39.61343849,29195,24917.91,36.90683,805.4
3/3/2025,0,0,0,0,0,0,4441,6882,536.02,64,39.83023665,26333,24381.89,24.90683,770.91
3/4/2025,0,0,0,0,0,0,4437,6876,505.69,95,39.58667868,27337,24826.2,44.90683,736.6
3/5/2025,0,0,0,0,0,0,4441,6882,489.15,120,47.5214334,28429,24337.05,39.90683,695.45
3/6/2025,0,0,0,0,0,0,4443,6886,502.73,96,47.47863094,29449,24934.32,21.90683,654.3
3/7/2025,0,0,0,0,0,0,4444,6887,490.43,96,55.49558406,30488,24443.89,7.90683,606.18
3/8/2025,0,0,0,0,0,0,4433,6870,503.54,96,55.52921692,31541,23940.35,46.90683,558.02
3/9/2025,0,0,0,0,0,0,4437,6876,504.44,96,47.44872547,32540,23435.91,25.90683,516.97
3/10/2025,0,0,0,0,0,0,4420,6850,506.54,85.5,47.59072346,33426,22929.37,35.40683,475.76
3/11/2025,0,0,0,0,0,0,4438,6878,499.73,108,47.44916742,34356,22429.64,25.40683,434.83
3/12/2025,0,0,0,0,0,0,4440,6881,498.17,108,47.63772871,30934,21931.47,67.40683,393.57
3/13/2025,0,0,0,0,0,0,4445,6889,490.15,120,47.38545946,31849,21441.32,39.40683,352.51
3/14/2025,0,0,0,0,0,0,4457,6907,474.31,132,47.38979528,32720,22017.01,65.40683,311.4
3/15/2025,0,0,0,0,0,0,4458,6909,474.09,132,47.56111286,33220,21542.92,71.40683,270.03
3/16/2025,0,0,0,0,0,0,4440,6881,478.85,132,47.55044415,34118,21964.07,95.40683,228.66
3/17/2025,0,0,0,0,0,0,4437,6876,501.68,111,39.53789189,35122,22802.39,34.40683,194.4
3/18/2025,0,0,0,0,0,0,4435,6873,472.14,144,31.49233266,36131,23230.25,45.40683,167.13
3/19/2025,0,0,0,0,0,0,4437,6876,470.53,144,31.63362345,37227,25409.72,51.40683,139.75
3/20/2025,0,0,0,0,0,0,4405,6827,500.25,108,31.59626775,33696,24909.47,88.40683,112.39
3/21/2025,0,0,0,0,0,0,4445,6889,494.44,132,31.72110783,34554,24415.03,101.40683,85.12
3/22/2025,0,0,0,0,0,0,4456,6906,487.02,132,31.53940157,35452,25028.01,106.40683,57.76
3/23/2025,0,0,0,0,0,0,4455,6904,481.62,132,31.73752244,36351,25546.39,76.40683,30.16
3/24/2025,0,0,0,0,0,0,4420,6850,522.16,112.5,34.68907744,35744,25024.23,33.90683,0
3/25/2025,0,0,0,0,0,0,4450,6896,514.83,120,0,36538,24509.4,63.90683,0
3/26/2025,0,0,0,0,0,0,4451,6898,527.17,120,0,36614,26012.23,53.90683,0
3/27/2025,0,0,0,0,0,0,4417,6845,527.42,120,0,32026,25484.81,53.90683,0
3/28/2025,0,0,0,0,0,0,4410,6834,559.93,84.4,0,32820,24924.88,124.50683,0
3/29/2025,0,0,0,0,0,0,4450,6896,518.3,132,0,33569,25164.83,159.50683,0
3/30/2025,0,0,0,0,0,0,4452,6900,517.51,132,0,34357,24647.32,113.50683,0
3/31/2025,0,0,0,0,0,0,4470,6927,535.36,120,0,33018,24111.96,35.10571,0
4/1/2025,0,0,0,0,0,0,4478,6940,549.66,96,0,33763,39105.71,39.10571,0
4/2/2025,0,0,0,0,0,0,4460,6912,546.79,96,0,34377,38105.71,38.10571,0
4/3/2025,0,0,0,0,0,0,4475,6935,556.74,96,0,30460,12105.71,12.10571,0
4/4/2025,0,0,0,0,0,0,4478,6940,573.62,76,0,31207,6105.71,6.10571,0
4/5/2025,0,0,0,0,0,0,4470,6927,526,120,0,32010,20105.71,20.10571,0
4/6/2025,0,0,0,0,0,0,4501,6975,531.21,132,0,32082,35105.71,35.10571,0
4/7/2025,0,0,0,0,0,0,4503,6979,557.63,112.5,0,32789,30605.71,30.60571,0
4/8/2025,0,0,0,0,0,0,4505,6982,549.05,108,0,32561,12605.71,12.60571,0
4/9/2025,0,0,0,0,0,0,4506,6983,551.13,108,0,33262,19605.71,19.60571,0
4/10/2025,0,0,0,0,0,0,4510,6989,539.57,120,0,29564,64605.71,64.60571,0
4/11/2025,0,0,0,0,0,0,4520,7005,525.29,132,0,30223,42605.71,42.60571,0
4/12/2025,0,0,0,0,0,0,4522,7008,511.12,132,0,30926,83605.71,83.60571,0
4/13/2025,0,0,0,0,0,0,4525,7013,516.19,132,0,31595,24605.71,24.60571,0
4/14/2025,0,0,0,0,0,0,4524,7011,518.41,132,0,30600,40605.71,40.60571,0
4/15/2025,0,0,0,0,0,0,4527,7016,512.83,132,0,31315,79605.71,79.60571,0
4/16/2025,0,0,0,0,0,0,4525,7013,524.45,144,0,31976,85605.71,85.60571,0
4/17/2025,0,0,0,0,0,0,4526,7014,530.68,144,0,28779,116605.71,116.60571,0
4/18/2025,0,0,0,0,0,0,4525,7013,518.28,156,0,29302,18123.31,112.60571,0
4/19/2025,0,0,0,0,0,0,4527,7016,552.31,99.8,0,29968,18971,169.80571,0
4/20/2025,0,0,0,0,0,0,4524,7011,506.75,156,0,30645,19564.25,176.80571,0
4/21/2025,0,0,0,0,0,0,4525,7013,527.43,156,0,31315,20886.82,111.80571,0
4/22/2025,0,0,0,0,0,0,4534,7027,544.68,132,0,28005,20342.14,45.80571,0
4/23/2025,0,0,0,0,0,0,4532,7023,542.16,120,0,28666,22179.98,55.80571,0
4/24/2025,0,0,0,0,0,0,4535,7028,556.92,120,0,29479,22673.06,95.80571,0
4/25/2025,0,0,0,0,0,0,4537,7031,549.42,132,0,30244,22123.64,134.80571,0
4/26/2025,0,0,0,0,0,0,4535,7028,558.79,128,0,30843,22564.85,181.80571,0
4/27/2025,0,0,0,0,0,0,4538,7033,536.69,144,0,31445,22028.16,212.80571,0
4/28/2025,0,0,0,0,0,0,4537,7031,551.93,120,0,31665,21476.23,141.68339,0
4/29/2025,0,0,0,0,0,0,4080,6323,494.57,72,0,28214,20981.66,206.70518,0
4/30/2025,0,0,0,0,0,0,4535,7028,544.8,108,0,28846,18812.77,113.54562,0
5/1/2025,0,0,0,0,0,0,4460,6912,546.14,108,0,29083,21640.14,83.54562,0
5/2/2025,0,0,0,0,0,0,4552,7054,554.96,108,0,29620,21085.18,61.54562,0
5/3/2025,0,0,0,0,0,0,4554,7058,550.31,120,0,28451,20534.87,81.54562,0
5/4/2025,0,0,0,0,0,0,4556,7061,546.88,120,0,29030,19987.99,141.54562,0
5/5/2025,0,0,0,0,0,0,4554,7058,555.89,120,0,29582,19432.1,84.54562,0
5/6/2025,0,0,0,0,0,0,4545,7044,563.66,108,0,28594,18868.44,28.54562,0
5/7/2025,0,0,0,0,0,0,4552,7054,546.79,120,0,29247,18321.65,98.54562,0
5/8/2025,0,0,0,0,0,0,4557,7062,541.44,120,0,25890,17780.21,126.54562,0
5/9/2025,0,0,0,0,0,0,4556,7061,558.78,120,0,26562,17221.43,208.54562,0
5/10/2025,0,0,0,0,0,0,4557,7062,547.13,132,0,27235,16674.3,188.54562,0
5/11/2025,0,0,0,0,0,0,4557,7062,522.56,156,0,27929,16151.74,168.54562,0
5/12/2025,0,0,0,0,0,0,4556,7061,540.14,132,0,28578,15611.6,56.54562,0
5/13/2025,0,0,0,0,0,0,4557,7062,555.11,120,0,25669,15056.49,52.54562,0
5/14/2025,0,0,0,0,0,0,4558,7064,560.12,96,0,26592,15436.37,29.54562,0
5/15/2025,0,0,0,0,0,0,4557,7062,557.03,108,0,27458,14879.34,55.54562,0
5/16/2025,0,0,0,0,0,0,4560,7067,558.91,108,0,27849,14320.43,67.54562,0
5/17/2025,0,0,0,0,0,0,4559,7065,548.78,120,0,28549,13771.65,77.54562,0
5/18/2025,0,0,0,0,0,0,4561,7068,556.03,120,0,29217,13215.62,74.54562,0
5/19/2025,0,0,0,0,0,0,4562,7070,577.01,96,0,29953,12638.61,20.54562,0
5/20/2025,0,0,0,0,0,0,4561,7068,572.86,96,0,30693,12065.75,12.54562,0
5/21/2025,0,0,0,0,0,0,4562,7070,565.8,108,0,30921,11499.95,64.54562,0
5/22/2025,0,0,0,0,0,0,4561,7068,559.71,108,0,27682,10940.24,31.54562,0
5/23/2025,0,0,0,0,0,0,4562,7070,563.54,108,0,28111,10376.7,43.54562,0
5/24/2025,0,0,0,0,0,0,4563,7072,565.82,108,0,28701,9810.88,55.54562,0
5/25/2025,0,0,0,0,0,0,4563,7072,565.76,108,0,29287,10475.12,91.54562,0
5/26/2025,0,0,0,0,0,0,4562,7070,567.31,108,0,29854,12187.81,63.54562,0
5/27/2025,0,0,0,0,0,0,4564,7073,564.9,108,0,30500,12672.91,37.54562,0
5/28/2025,0,0,0,0,0,0,4561,7068,565.46,103.4,0,31120,13157.44,39.6261,0
5/29/2025,0,0,0,0,0,0,4560,7067,541.17,120,0,27358,13866.27,65.6261,0
5/30/2025,0,0,0,0,0,0,4563,7072,564.68,108,0,27998,15451.59,52.5883,0
5/31/2025,0,0,0,0,0,0,4565,7075,591.79,76,0,28652,9108.28,9.85807,0
6/1/2025,0,0,0,0,0,0,4562,7070,590.46,76.5,0,29251,14700.86,8.35807,0
6/2/2025,2355,3528,195,452.33,0,0,4565,7075,660.38,0,0,28821,13588.15,83.35807,0
6/3/2025,2781,4036,360,492.69,0,0,4564,7073,574.36,99,0,29133,12521.1,104.35807,0
6/4/2025,2803,4221,210,492.32,0,0,4565,7075,557.39,120,0,26148,11471.39,89.35807,0
6/5/2025,2801,4428,0,472.58,0,0,1103,1709,97.36,15.9,0,25653,10901.45,198.45807,0
6/6/2025,2804,4072,360,487.41,0,0,4545,7044,560.1,108,0,26540,9853.94,205.45807,0
6/7/2025,2802,4069,360,484.65,0,0,4563,7072,507.91,132,0,27461,8861.38,265.45807,0
6/8/2025,2805,4074,360,483.92,0,0,4565,7075,481.43,156,39.46030243,28397,7896.03,266.45807,727.78
6/9/2025,2804,4072,360,491.97,0,0,4563,7072,492.94,132,39.56648412,29510,7961.12,174.45807,692.53
6/10/2025,2805,4434,0,491.75,0,0,4565,7075,499.34,144,39.58382643,30608,6970.03,210.45807,657.28
6/11/2025,2804,4072,360,486.46,0,0,4563,7072,492.18,144,39.56648412,31646,7291.39,173.45807,622.03
6/12/2025,2805,3954,480,483.75,0,0,4566,7076,504.81,144,39.40415516,30219,7402.83,154.45807,586.94
6/13/2025,2803,4171,260,479.9,0,0,4565,7075,511.42,132,39.43437582,27614,6411.51,122.45807,551.8
6/14/2025,2804,3952,480,491.66,0,0,4564,7073,514.83,120,39.49913691,28273,5405.02,84.45807,516.61
6/15/2025,2803,3951,480,489.33,0,0,4563,7072,504.13,144,39.54147239,29304,6411.56,50.45807,481.39
6/16/2025,2805,4014,420,477.94,0,0,4565,7075,598.2,35,39.52767916,29653,7335.42,85.45807,446.19
6/17/2025,2804,3952,480,491.09,0,0,4565,7075,533.5,96,39.56648412,30688,7390.83,46.45807,410.94
6/18/2025,2806,4035,400,489.06,0,0,4564,7073,542.31,96,39.52158598,30458,8789.46,60.45807,375.73
6/19/2025,2802,3949,480,487.8,0,0,4566,7076,527.59,108,39.54147239,31425,7774.07,59.45807,340.51
6/20/2025,2472,3427,480,436.13,0,0,4448,6893,518.48,108,39.54496537,32885,8099.46,73.45807,311.88
6/21/2025,2405,3322,480,428.35,0,0,4412,6838,506,120,39.54208294,34589,9015.11,98.45807,278.05
6/22/2025,2407,3805,0,426.76,0,0,4405,6827,505.35,120,39.60548466,35810,9383,108.45807,1055.79
6/23/2025,2409,3808,0,426.18,0,0,4407,6830,514.17,108,39.68022443,31476,8442.65,57.45807,1022.17
6/24/2025,2407,3805,0,427.4,0,0,4502,6977,494.06,132,39.6504194,29632,9771.19,95.45807,988.56
6/25/2025,2408,3806,0,427.5,0,0,4503,6979,501.87,120,39.52971944,30815,9891.82,102.45807,954.33
6/26/2025,2407,3805,0,427.19,0,0,4502,6977,510.18,120,47.34892745,30420,8954.45,82.45807,913.32
6/27/2025,2408,3806,0,419.6,0,0,4503,6979,508.25,120,47.39408956,31403,8386.17,76.18692,872.28
6/28/2025,2406,3803,0,423.57,0,0,4505,6982,500.18,132,47.34892745,31790,8662.42,114.18692,831.27
6/29/2025,2405,3802,0,423.42,0,0,4502,6977,498.29,132,47.48890825,30559,10040.71,82.18692,790.2
6/30/2025,2408,3346,460,417.95,0,0,4500,6974,551,74.3,47.48584158,31768,5571.76,43.52145,749.16
7/1/2025,2406,3323,480,412.13,0,0,4502,6977,527.53,99.8,47.49537063,30445,10918.62,43.72145,708.13
7/2/2025,2407,3805,0,416.95,0,0,4500,6974,502.22,120,47.48584158,28341,9999.45,58.72145,668.18
7/3/2025,2405,3322,480,416.19,0,0,4502,6977,497.66,132,47.48379487,29913,9085.6,51.72145,627.16
7/4/2025,2408,3366,440,416.96,0,0,4502,6977,530.11,85.3,47.49741221,29107,9188.53,69.42145,586.11
7/5/2025,2406,3803,0,408.48,0,0,4364,6763,478.34,132,47.45112971,29700,8301.71,52.42145,545.1
7/6/2025,2408,3806,0,412.99,0,0,4352,6745,483.99,120,47.55507443,31256,9604.73,67.42145,505.26
7/7/2025,2409,3808,0,415.43,0,0,4355,6749,548.11,47.5,47.45878142,32913,8641.19,54.92145,465.61
7/8/2025,2410,3809,0,426.25,0,0,4401,6820,513.49,92,47.47393354,34468,7701.45,102.92145,425.92
7/9/2025,2409,3808,0,422.6,0,0,4454,6903,495.95,120,47.53402754,35501,7832.9,112.92145,385.76
7/10/2025,2410,3809,0,420.95,0,0,4547,7047,510.26,120,47.35434588,33020,6901.69,137.92145,345.27
7/11/2025,2405,3802,0,421.4,0,0,4554,7058,507.77,120,47.39394329,34573,7222.52,132.92145,303.9
7/12/2025,2407,3805,0,423.17,0,0,4555,7059,507.1,120,47.35540909,34272,8212.25,112.92145,262.5
7/13/2025,2404,3800,0,421.58,0,0,4561,7068,506.25,120,47.39075671,35559,8334.42,112.92145,221.06
7/14/2025,2408,3806,0,420.33,0,0,4550,7051,516.45,108,47.37409792,36940,8367.64,84.92145,179.58
7/15/2025,2409,3808,0,423.58,0,0,4545,7044,516.54,108,47.45428302,35362,7427.52,76.92145,138.13
7/16/2025,2410,3809,0,420.33,0,0,4547,7047,528.82,96,47.47210449,33361,8578.37,52.92145,96.71
7/17/2025,2412,3813,0,421.88,0,0,4552,7054,547.07,75.4,47.39394329,32600,7609.42,57.52145,55.34
7/18/2025,2410,3809,0,420.75,0,0,4550,7051,517.87,96,47.39910257,34251,8570.8,54.52145,13.92
7/19/2025,2412,3813,0,422.43,0,0,4552,7054,532.16,96,47.41369121,33592,8936.21,78.52145,781.06
7/20/2025,2410,3809,0,422.12,0,0,4554,7058,519.81,108,47.35851653,32890,9074.28,40.52145,739.69
7/21/2025,2498,3949,0,434.85,0,0,4137,6411,553.98,0,47.3949305,32596,9335.45,77.52145,698.27
7/22/2025,2614,4132,0,453.97,0,0,4594,7120,536.39,94,47.97779387,31833,10265.09,73.52145,660.18
7/23/2025,2615,4134,0,451.4,0,0,4588,7110,522.7,108,47.35657787,33202,11790.99,58.52145,618.43
7/24/2025,2753,4352,0,472.68,0,0,4601,7130,531.96,96,47.35036252,34367,10786.35,97.52145,576.74
7/25/2025,2805,4434,0,481.73,0,0,4594,7120,530.74,96,47.30718045,31467,11953.88,108.52145,534.97
7/26/2025,2812,4445,0,482.61,0,0,4604,7135,520.74,108,47.34523498,31066,12020.53,49.52145,493.23
7/27/2025,2808,4439,0,481.45,0,0,4605,7137,531.28,96,47.35558254,32145,12007.8,68.52145,451.39
7/28/2025,2802,4429,0,478.87,0,0,4602,7132,530.17,96,47.30003583,33095,10998.76,45.52145,409.59
7/29/2025,2804,3952,480,480.25,0,0,4600,7129,532.94,92,47.39880932,31158,10735.57,33.52145,367.73
7/30/2025,2813,3967,480,484.89,0,0,4602,7132,544.92,76.5,47.4080894,32354,11505.76,62.44295,1172.97
7/31/2025,2814,4448,0,488.02,0,0,4601,7130,529.3,96,47.39880932,29573,4987.84,58.23084,1131.11
8/1/2025,2816,4451,0,484.24,0,0,4602,7132,508.33,120,47.39778554,27084,10938.3,0,1088.17
8/2/2025,2815,4450,0,485.18,0,0,4606,7138,505.09,120,47.30487966,28132,10948.03,0,1046.29
8/3/2025,2820,4458,0,484.05,0,0,4607,7140,525.41,96,47.29765516,29383,10958.57,0,1004.38
8/4/2025,2820,4457.570715,0,488.55,0,0,4606,7138.17292,526.36,96,47.332521,30232.25636,9943.66,0,962.43
8/5/2025,2815,4449.667221,0,482.48,0,0,4607,7139.722675,526.24,96,47.36536833,31349.86647,10184.94,0,920.46
8/6/2025,2819,4455.990017,0,483.14,0,0,2981,4619.820555,308.85,54,47.34380408,30559.0559,11792.95,0,878.5
8/7/2025,2820,4457.570715,0,489.44,0,0,4621,7161.41925,501.25,115.5,51.98115,31145.06593,11802.26,0,848.69
8/8/2025,2822,4461,0,485.06,0,0,4622,7163,491.63,132,55.20958325,30029.06593,11845.57,0,799.61
8/9/2025,2821,4459.151414,0,483.9,0,0,3498,5421.044046,368.6,95,55.22013122,30336.87047,11943.07,0,750.51
8/10/2025,2867,4531.863561,0,489.86,0,0,4608,7141.272431,489.27,132,57.49430227,31303.73448,10963.94,17,711.82
8/11/2025,2851,4506.572379,0,486.91,0,0,4623,7164.51876,484.73,132,55.29765566,32317.8388,12042.3,0,662.8
8/12/2025,2855,4512.895175,0,481.56,0,0,4618,7156.769984,471.75,144,55.14072239,29356.17364,12338.99,0,613.76
8/13/2025,2856,4514.475874,0,473.64,0,0,4620,7159.869494,480.92,144,55.25670536,30332.82827,13634.43,0,564.67
8/14/2025,2857,4516.056572,0,472.87,0,0,4623,7164.51876,483.11,144,55.27779003,30684.25294,13728.45,15,515.54
8/15/2025,2860,4081,440,473.66,0,0,4625,7168,484.47,144,55.20818657,31146.42467,12770.32,15,466.44
8/16/2025,2856,4034,480,473.91,0,0,4623,7165,482.89,144,55.21803026,32064.42467,11813.52,0,417.31
8/17/2025,2861,4522,0,484.4,0,0,4618,7157,475.47,144,55.24191866,32955.42467,10853.65,0,368.18
8/18/2025,2859,4519,0,491.06,0,0,4617,7155,491.85,132,55.31298638,33820.42467,9870.74,0,319.04
8/19/2025,2850,4505,0,489.61,0,0,4609,7143,498.96,132,55.31370802,32245.42467,9882.17,10,269.91
8/20/2025,2826,4147,320,483.08,0,0,4570,7082,472.38,144,47.3345382,33502.42467,8926.71,10,227.94
8/21/2025,2804,4432,0,478.96,0,0,4572,7085,592.92,18,47.38587985,30822.42467,8954.83,25,186.28
8/22/2025,2820,4458,0,481.11,0,0,2353,3647,227.1,101.5,47.33104275,27519.42467,10546.62,25,144.65
8/23/2025,2823,4462,0,478.32,0,0,3319,5144,349.98,74.3,47.67331989,28469.42467,11038.32,25,123.07
8/24/2025,2821,4459,0,466.77,0,0,4405,6827,453.49,156,49.25601589,29858,11168.06,0,91.62
8/25/2025,2826,4467,0,468.19,0,0,4502,6977,438.03,180,47.52056551,31186,10261.84,0,51.35
8/26/2025,2822,4461,0,492.6,0,0,4551,7053,489.81,180,47.38574847,30655,10129.43,0,10.31
8/27/2025,1725,2727,0,258.72,0,0,4601,7130,496.34,180,0,30921,9374.37,0,10.31
8/28/2025,2810,4442,0,497,0,0,4602,7132,446.03,180,0,28036,10831.34,0,10.31
8/29/2025,2821,4459,0,499.34,0,0,4600,7129,438.95,180,39.44679922,29214,10943.05,0,175.35
8/30/2025,2820,4458,0,489.94,0,0,4602,7132,439.15,180,47.26417582,30342,10013.96,0,731.12
8/31/2025,2818,4454,0,487.55,0,0,4608,7141,439.09,180,47.25491851,31476,9403.48,0,689.24
9/1/2025,2820,4458,0,490.19,0,0,4603,7134,429.52,180,47.23846354,31864,9517.69,0,647.32
9/2/2025,2824,4464,0,485.76,0,0,4605,7137,440.87,187.2,47.25593336,32959,8591.06,15,605.43
9/3/2025,2825,4465,0,492.1,0,0,4602,7132,436.83,180,47.28051384,33896,13889.97,424.06935,563.5
9/4/2025,2819,4456,0,490.09,0,0,4608,7141,436.17,180,47.25491851,31248,12963.71,429.06935,521.62
9/5/2025,2820,4458,0,485.07,0,0,4605,7137,437.01,180,47.29480713,30112,12041.63,399.06935,479.65
9/6/2025,2819,4456,0,485.84,0,0,4604,7135,435.7,180,47.25796173,30043,11120.09,349.06935,437.74
9/7/2025,2822,4461,0,491.76,0,0,4606,7138,436.82,180,47.27950478,31063,10191.51,334.06935,395.82
9/8/2025,2801,4428,0,486.75,0,0,4604,7135,464.08,180,47.3153433,32262,9240.68,244.06935,353.85
9/9/2025,2802,4429,0,487.05,0,0,4602,7132,464.57,180,47.32461881,33411,8289.06,212.06935,311.89
9/10/2025,2802,4429,0,476.83,0,0,4601,7130,452.81,180,47.30005215,34224,8259.42,217.06935,269.97
9/11/2025,2800,4426,0,463.45,0,0,4604,7135,461.59,156,47.34419012,29946,7334.38,186.06935,228.02
9/12/2025,2801,4428,0,467.59,0,0,4602,7132,486.21,156,47.29078329,30879,6380.58,170.06935,186.09
9/13/2025,2802,4429,0,464.09,0,0,4605,7137,475.28,156,47.33390238,30948,6591.21,209.06935,144.14
9/14/2025,2808,4439,0,460.46,0,0,4604,7135,487.3,133,47.32561808,31752,6893.45,316.06935,102.17
9/15/2025,2801,4428,0,464.92,0,0,4603,7134,460.29,168,39.44094184,32601,6968.24,328.06935,67.2
9/16/2025,2802,4429,0,488.52,0,0,4602,7132,470.72,168,39.44951037,31124,8059,290.06935,32.23
9/17/2025,2800,4426,0,475.09,0,0,4603,7134,487.11,168,31.58226287,27694,8346.8,282.06935,4.24
9/18/2025,2802,4429,0,471.51,0,0,2450,3797,285.81,52.5,0,28493,8836.59,384.56935,4.24
9/19/2025,2801,4428,0,473.82,0,0,4601,7130,526.26,168,0,29639,10136.51,401.56935,4.24
9/20/2025,2800,4426,0,475.01,0,0,4602,7132,507.47,180,0,30577,11254.03,506.56935,4.24
9/21/2025,2802,4429,0,478.38,0,0,4583,7103,505.18,180,0,30270,11520.47,481.56935,4.24
9/22/2025,2800,4426,0,490.57,0,0,4585,7106,510.79,180,0,29717,11769.11,516.56935,4.24
9/23/2025,2801,4428,0,493.05,0,0,4170,6462,461.22,155,0,25543,13014.84,516.56935,4.24
9/24/2025,2802,4429,0,472.98,0,0,4601,7130,491.78,180,0,24598,14150.08,551.56935,4.24
9/25/2025,2800,4426,0,472.1,0,0,4593,7118,489.9,180,0,25601,14438.08,536.56935,4.24
9/26/2025,2803,4431,0,472.55,0,0,4420,6850,434.97,180,0,26949,14729.57,576.56935,4.24
9/27/2025,2800,4426,0,475.17,0,0,4593,7118,457.75,180,39.52549928,28046,13796.65,631.56935,170.56
9/28/2025,2802,4429,0,493.45,0,0,4602,7132,458.13,180,39.50489491,29181,14195.07,609.56935,135.58
9/29/2025,2801,4428,0,493.84,0,0,4604,7135,461.85,180,39.41636483,30150,14439.38,661.56935,100.61
9/30/2025,2800,4426,0,497.38,0,0,4601,7130,455.15,180,39.47810825,29472,7256.04,597.10734,65.57
10/1/2025,2783,4399,0,491.07,0,0,4595,7121,473.14,180,39.51512318,30303,15737.22,597.10734,616.08
10/2/2025,2800,4426,0,494.75,0,0,4485,6951,446.87,180,39.53285478,31301,14795.6,612.10734,581.06
10/3/2025,2798,4423,0,499.65,0,0,4412,6838,455.16,156,39.54250739,30406,13840.79,523.10734,546.87
10/4/2025,2786,4404,0,470.01,0,0,3848,5963,430.58,107.5,39.55014084,26892,12940.2,565.60734,513.23
10/5/2025,2801,4428,0,467.81,0,0,0,0,0,0,39.71231733,27198,12472.39,565.60734,483.77
10/6/2025,2783,4399,0,467.75,0,0,3384,5244,420.1,74.2,0,22261,11584.54,591.40734,483.77
10/7/2025,2795,4418,0,473.42,0,0,4270,6966,483.02,144,0,21934,10628.1,662.40734,483.77
10/8/2025,2786,4404,0,479.13,0,0,4400,7178,493.25,156,0,22295,9655.72,646.40734,483.77
10/9/2025,2791,4412,0,490.25,0,0,4410,7194,496.4,156,0,20953,8669.07,735.40734,483.77
10/10/2025,2785,4402,0,492.84,0,0,4450,7259,490.89,156,0,21285,8735.34,779.40734,483.77
10/11/2025,2627,4152,0,466.52,0,0,4470,7292,493.13,156,0,20360,7775.69,743.40734,483.77
10/12/2025,1536,2428,0,244.14,0,0,4463,7281,454.79,168,0,19699,8126.76,685.40734,483.77
10/13/2025,2614,4132,0,456.39,0,0,4405,6827,448.23,168,39.59795865,20580,8272.14,762.40734,449.7
10/14/2025,2612,4129,0,460.52,0,0,4015,6222,417.66,134.2,39.60121454,22017,8643.96,718.20734,416.07
10/15/2025,2617,4137,0,452.48,0,0,4205,6517,438.92,144,40.1017859,21113,8952.56,674.20734,1176.94
10/16/2025,2614,4132,0,450.91,0,0,4202,6512,433.48,144,39.4493644,23059,8068.17,800.20734,1144.96
10/17/2025,2616,4135,0,455.73,0,0,4205,6517,446.23,144,39.60097354,25084,8416.21,761.20734,1112.88
10/18/2025,2618,4138,0,467.23,0,0,4202,6512,445.99,144,39.59739203,27013,7502.99,862.20734,1080.78
10/19/2025,2615,4134,0,458.93,0,0,4201,6511,441.19,144,39.56394021,28971,7802.87,838.20734,1048.73
10/20/2025,2619,4140,0,450.16,0,0,4203,6514,459.15,120,39.6104001,27926,7993.56,798.20734,1016.65
10/21/2025,2527,3994,0,436.14,0,0,4298,6661,461.24,144,39.60389297,29834,8096.18,779.20734,984.56
10/22/2025,2518,3980,0,452.51,0,0,4260,6602,464.02,144,39.6095325,31799,8279.65,735.20734,951.74
10/23/2025,2514,3974,0,447.16,0,0,4250,6586,461.07,144,39.63409489,33761,7371.42,778.20734,919.19
10/24/2025,2415,3817,0,423.22,0,0,4252,6590,429.7,180,39.65412145,30672,7518.5,758.20734,886.7
10/25/2025,2419,3824,0,433.67,0,0,4230,6555,425.68,180,39.67206731,32221,7659.15,723.20734,854.18
10/26/2025,2417,3821,0,432.3,0,0,4249,6585,426.95,180,39.65767043,33591,7799.9,683.20734,821.84
10/27/2025,2317,3662,0,418.69,0,0,4215,6532,425.54,180,39.64257419,35393,8155.67,661.42839,789.39
10/28/2025,2301,3637,0,419.69,0,0,4205,6517,425.04,180,39.67910199,35797,9260.94,646.42839,757.17
10/29/2025,2311,3653,0,409.5,0,0,4207,6520,416.56,180,39.69939767,31650,9434.88,621.42839,725.01
10/30/2025,2306,3645,0,420.1,0,0,4202,6512,435.25,156,39.45843216,30881,9829.53,620.42839,693.03
10/31/2025,2310,3651,0,426.13,0,0,4020,6230,401.61,180,39.44361836,33395,4772.75,548.76426,661.1
11/1/2025,2313,3656,0,413.23,0,0,4008,6211,393.2,180,39.78318257,35374,11861.76,498.76426,630.29
11/2/2025,2306,3645,0,426.78,0,0,4001,6201,382.35,180,39.79868522,34939,11052.63,403.76426,599.56
11/3/2025,2292,3623,0,422.64,0,0,4006,6208,399.19,168,39.82939428,36957,10230.8,335.76426,568.86
11/4/2025,2307,3647,0,427.76,0,0,4010,6215,403.01,168,39.83151231,38011,9400.03,302.76426,538.12
11/5/2025,2306,3645,0,416.44,0,0,4009,6213,408.77,168,39.7788355,39273,8574.82,309.76426,507.39
11/6/2025,2304,3642,0,425.97,0,0,4015,6222,409.03,168,39.73696646,36740,8839.82,281.76426,476.7
11/7/2025,2308,3648,0,427.13,0,0,4012,6218,415.54,156,39.70344071,36529,10097.15,300.76426,445.99
11/8/2025,2309,3650,0,428.78,0,0,4201,6511,440.94,156,39.70725288,38689,9227.43,324.76426,415.3
11/9/2025,2307,3647,0,436.14,0,0,4402,6822,466.14,156,39.58892449,40632,8325.15,318.76426,383.26
11/10/2025,2312,3655,0,438.66,0,0,4405,6827,469.46,156,39.52645352,42449,9752.38,317.76426,349.74
11/11/2025,2407,3805,0,456.77,0,0,4450,6896,474.06,156,39.60558909,43049,8821.55,346.76426,316.08
11/12/2025,2408,3806,0,455.5,0,0,4440,6881,469.96,156,39.54335966,38317,9246.09,375.76426,282.18
11/13/2025,2414,3816,0,455.98,0,0,4371,6774,475.31,144,39.51551149,37265,8314.8,371.76426,248.38
11/14/2025,2418,3822,0,440.04,0,0,4358,6754,468.16,144,39.55739681,38758,7406.6,382.76426,215.07
11/15/2025,2409,3808,0,439.35,0,0,4235,6563,453.51,144,39.52055486,40602,8613.74,343.76426,181.89
11/16/2025,2407,3805,0,437.6,0,0,4215,6532,450.01,144,39.65105508,40835,7726.13,304.76426,149.54
11/17/2025,2409,3808,0,441.87,0,0,4205,6517,472.82,132,39.7037321,38950,8061.44,217.76426,117.3
11/18/2025,2412,3813,0,443.79,0,0,4200,6509,472.87,132,39.73643069,40710,8394.78,290.76426,85.11
11/19/2025,2408,3806,0,443.35,0,0,4188,6490,472,132,39.74665886,37033,9979.43,328.76426,52.95
11/20/2025,2404,3800,0,442.45,0,0,4002,6202,480.99,120,39.76139054,35221,10305.99,333.76426,20.87
11/21/2025,2409,3808,0,440,0,0,1448,2244,172.64,43.75,0,32607,10793.35,310.01426,20.87
11/22/2025,2411,3811,0,434.82,0,0,3078,4770,362.11,68.8,0,31935,9996.42,301.21426,20.87
11/23/2025,2416,3819,0,441.64,0,0,4179,6476,470.92,120,0,33828,11683.86,351.21426,220.87
11/24/2025,2411,3811,0,435.83,0,0,4177,6473,462.77,132,39.72258256,35909,13165.26,264.21426,834.25
11/25/2025,2409,3808,0,440.81,0,0,4146,6425,469.13,120,39.70447211,34788,13505.32,301.21399,802.17
11/26/2025,2411,3811,0,430.82,0,0,4144,6422,507.45,77,39.72702243,34333,14467.05,279.21399,770.31
11/27/2025,2621,4143,0,470.14,0,0,4141,6418,462.07,120,39.72124517,30278,15534.84,279.21399,738.47
11/28/2025,2651,4190,0,466.65,0,0,2103,3259,232.03,66.7,39.70008452,30535,16736.16,380.26763,706.67
11/29/2025,2655,4197,0,476.69,0,0,3487,5404,420.94,61.68,40.11902996,31514,17738.53,427.58763,690.35
11/30/2025,2802,4429,0,507.29,0,0,4042,6264,463.54,108,42.2534772,32855,6292.38,430.54743,661.85
12/1/2025,2817,4453,0,508.06,0,0,4045,6269,460.62,120,39.81551645,32938,19408.53,445.54743,630.72
12/2/2025,2852,4508,0,516.7,0,0,4155,6439,472.93,120,39.73486465,31503,18418.9,450.54743,599.63
12/3/2025,2862,4524,0,513.77,0,0,4160,6447,453.4,144,39.6658556,32159,17451.73,441.54743,567.75
12/4/2025,2861,4522,0,502.76,0,0,4249,6585,450.61,144,39.15837079,33328,16498.75,492.54743,536.24
12/5/2025,2860,4521,0,517.59,0,0,4401,6820,467.5,156,39.56702048,30070,15513.66,501.54743,503.33
12/6/2025,2861,4522,0,509.81,0,0,4413,6839,476.04,156,39.5161077,30969,14527.81,580.54743,469.69
12/7/2025,2887,4563,0,503.81,0,0,4416,6844,464.79,168,39.52580218,32072,13559.21,574.54743,435.95
12/8/2025,2738,4328,0,493.15,0,0,4336,6720,454.18,168,39.49895041,33177,12611.88,501.54743,402.21
12/9/2025,2858,4518,0,503.94,0,0,4112,6373,426.31,156,39.56003344,31111,11681.63,495.54743,369.03
12/10/2025,2862,4524,0,505.96,0,0,3157,4893,348.1,93.5,39.6406171,30324,10827.57,517.04743,337.5
12/11/2025,2872,4540,0,507.98,0,0,4205,6517,442.85,156,40.92241131,31078,9876.74,621.04743,312.51
12/12/2025,2873,4541,0,504.5,0,0,4200,6509,441.9,144,39.62450476,31039,9372.24,602.04743,280.28
12/13/2025,2883,4557,0,501.56,0,0,4204,6515,432.72,144,39.59782321,32397,8870.68,573.04743,248.11
12/14/2025,2882,4556,0,501.42,0,0,4202,6512,432.55,144,39.62163297,33695,8369.26,614.04743,215.89
12/15/2025,2875,4545,0,507.78,0,0,4205,6517,434.18,144,39.60358222,31551,9311.48,590.04743,183.7
12/16/2025,2873,4541,0,507.63,0,0,4202,6512,417.07,156,39.58762188,32666,9803.85,624.04743,151.5
12/17/2025,2752,4350,0,496.76,0,0,4200,6509,415.01,156,39.61588529,28907,12837.09,668.04743,119.3
12/18/2025,2868,4533,0,509.37,0,0,4202,6512,415.04,156,39.58551429,30270,15827.72,757.04743,87.14
12/19/2025,2864,4527,0,511.59,0,0,4204,6515,427.36,156,39.60358222,31740,15316.13,751.04743,54.93
12/20/2025,2866,4530,0,511.88,0,0,4206,6518,426.42,168,39.62163297,32876,16054.25,798.04743,22.71
12/21/2025,2283,3609,0,390.82,0,0,4201,6511,460.39,156,27.91370007,31756,17913.43,757.04743,0
12/22/2025,2866,4530,0,513.84,0,0,3678,5700,384.99,153.8,0,32655,18649.59,977.81599,0
12/23/2025,2808,4439,0,497.71,0,0,0,0,0,0,0,32708,21164.08,1011.14517,0
12/24/2025,2805,4434,0,501.83,0,0,0,0,0,0,0,32749,21912.25,1011.14517,0
12/25/2025,2816,4451,0,493.69,0,0,0,0,0,0,0,31841,22678.56,1011.14517,0
12/26/2025,2817,4453,0,487.13,0,0,0,0,0,0,0,31886,22940.17,1011.14517,0
12/27/2025,2809,4440,0,502.32,0,0,0,0,0,0,0,31970,22437.85,1011.14517,0
12/28/2025,2802,4429,0,494.83,0,0,0,0,0,0,0,30348,25393.02,1011.14517,0
12/29/2025,495,624,0,27.49,0,0,0,0,0,0,0,29724,25365.53,1011.14517,0
12/30/2025,2645,4181,0,447.47,0,0,0,0,0,0,0,29086,28168.06,1011.14517,0
12/31/2025,2722,4303,0,478.61,0,0,0,0,0,0,0,28487,27729.62,1011.57468,0
1/1/2026,,,,,,,,,,,,,,,
1/2/2026,,,,,,,,,,,,,,,
1/3/2026,,,,,,,,,,,,,,,
1/4/2026,,,,,,,,,,,,,,,
1/5/2026,,,,,,,,,,,,,,,
1/6/2026,,,,,,,,,,,,,,,
1/7/2026,,,,,,,,,,,,,,,
1/8/2026,,,,,,,,,,,,,,,
1/9/2026,,,,,,,,,,,,,,,
1/10/2026,,,,,,,,,,,,,,,
1/11/2026,,,,,,,,,,,,,,,
1/12/2026,,,,,,,,,,,,,,,
1/13/2026,,,,,,,,,,,,,,,
1/14/2026,,,,,,,,,,,,,,,
1/15/2026,,,,,,,,,,,,,,,
1/16/2026,,,,,,,,,,,,,,,
1/17/2026,,,,,,,,,,,,,,,
1/18/2026,,,,,,,,,,,,,,,
1/19/2026,,,,,,,,,,,,,,,
1/20/2026,,,,,,,,,,,,,,,
1/21/2026,,,,,,,,,,,,,,,
1/22/2026,,,,,,,,,,,,,,,
1/23/2026,,,,,,,,,,,,,,,
1/24/2026,,,,,,,,,,,,,,,
1/25/2026,,,,,,,,,,,,,,,
1/26/2026,,,,,,,,,,,,,,,
1/27/2026,,,,,,,,,,,,,,,
1/28/2026,,,,,,,,,,,,,,,
1/29/2026,,,,,,,,,,,,,,,
1/30/2026,,,,,,,,,,,,,,,
1/31/2026,,,,,,,,,,,,,,,
2/1/2026,,,,,,,,,,,,,,,
2/2/2026,,,,,,,,,,,,,,,
2/3/2026,,,,,,,,,,,,,,,
2/4/2026,,,,,,,,,,,,,,,
2/5/2026,,,,,,,,,,,,,,,
2/6/2026,,,,,,,,,,,,,,,
2/7/2026,,,,,,,,,,,,,,,
2/8/2026,,,,,,,,,,,,,,,
2/9/2026,,,,,,,,,,,,,,,
2/10/2026,,,,,,,,,,,,,,,
2/11/2026,,,,,,,,,,,,,,,
2/12/2026,,,,,,,,,,,,,,,
2/13/2026,,,,,,,,,,,,,,,
2/14/2026,,,,,,,,,,,,,,,
2/15/2026,,,,,,,,,,,,,,,
2/16/2026,,,,,,,,,,,,,,,
2/17/2026,,,,,,,,,,,,,,,
2/18/2026,,,,,,,,,,,,,,,
2/19/2026,,,,,,,,,,,,,,,
2/20/2026,,,,,,,,,,,,,,,
2/21/2026,,,,,,,,,,,,,,,
2/22/2026,,,,,,,,,,,,,,,
2/23/2026,,,,,,,,,,,,,,,
2/24/2026,,,,,,,,,,,,,,,
2/25/2026,,,,,,,,,,,,,,,
2/26/2026,,,,,,,,,,,,,,,
2/27/2026,,,,,,,,,,,,,,,
2/28/2026,,,,,,,,,,,,,,,
3/1/2026,,,,,,,,,,,,,,,
3/2/2026,,,,,,,,,,,,,,,
3/3/2026,,,,,,,,,,,,,,,
3/4/2026,,,,,,,,,,,,,,,
3/5/2026,,,,,,,,,,,,,,,
3/6/2026,,,,,,,,,,,,,,,
3/7/2026,,,,,,,,,,,,,,,
3/8/2026,,,,,,,,,,,,,,,
3/9/2026,,,,,,,,,,,,,,,
3/10/2026,,,,,,,,,,,,,,,
3/11/2026,,,,,,,,,,,,,,,
3/12/2026,,,,,,,,,,,,,,,
3/13/2026,,,,,,,,,,,,,,,
3/14/2026,,,,,,,,,,,,,,,
3/15/2026,,,,,,,,,,,,,,,
3/16/2026,,,,,,,,,,,,,,,
3/17/2026,,,,,,,,,,,,,,,
3/18/2026,,,,,,,,,,,,,,,
3/19/2026,,,,,,,,,,,,,,,
3/20/2026,,,,,,,,,,,,,,,
3/21/2026,,,,,,,,,,,,,,,
3/22/2026,,,,,,,,,,,,,,,
3/23/2026,,,,,,,,,,,,,,,
3/24/2026,,,,,,,,,,,,,,,
3/25/2026,,,,,,,,,,,,,,,
3/26/2026,,,,,,,,,,,,,,,
3/27/2026,,,,,,,,,,,,,,,
3/28/2026,,,,,,,,,,,,,,,
3/29/2026,,,,,,,,,,,,,,,
3/30/2026,,,,,,,,,,,,,,,
3/31/2026,,,,,,,,,,,,,,,
4/1/2026,,,,,,,,,,,,,,,
4/2/2026,,,,,,,,,,,,,,,
4/3/2026,,,,,,,,,,,,,,,
4/4/2026,,,,,,,,,,,,,,,
4/5/2026,,,,,,,,,,,,,,,
4/6/2026,,,,,,,,,,,,,,,
4/7/2026,,,,,,,,,,,,,,,
4/8/2026,,,,,,,,,,,,,,,
4/9/2026,,,,,,,,,,,,,,,
4/10/2026,,,,,,,,,,,,,,,
4/11/2026,,,,,,,,,,,,,,,
4/12/2026,,,,,,,,,,,,,,,
4/13/2026,,,,,,,,,,,,,,,
4/14/2026,,,,,,,,,,,,,,,
4/15/2026,,,,,,,,,,,,,,,
4/16/2026,,,,,,,,,,,,,,,
4/17/2026,,,,,,,,,,,,,,,
4/18/2026,,,,,,,,,,,,,,,
4/19/2026,,,,,,,,,,,,,,,
4/20/2026,,,,,,,,,,,,,,,
4/21/2026,,,,,,,,,,,,,,,
4/22/2026,,,,,,,,,,,,,,,
4/23/2026,,,,,,,,,,,,,,,
4/24/2026,,,,,,,,,,,,,,,
4/25/2026,,,,,,,,,,,,,,,
4/26/2026,,,,,,,,,,,,,,,
4/27/2026,,,,,,,,,,,,,,,
4/28/2026,,,,,,,,,,,,,,,
4/29/2026,,,,,,,,,,,,,,,
4/30/2026,,,,,,,,,,,,,,,
5/1/2026,,,,,,,,,,,,,,,
5/2/2026,,,,,,,,,,,,,,,
5/3/2026,,,,,,,,,,,,,,,
5/4/2026,,,,,,,,,,,,,,,
5/5/2026,,,,,,,,,,,,,,,
5/6/2026,,,,,,,,,,,,,,,
5/7/2026,,,,,,,,,,,,,,,
5/8/2026,,,,,,,,,,,,,,,
5/9/2026,,,,,,,,,,,,,,,
5/10/2026,,,,,,,,,,,,,,,
5/11/2026,,,,,,,,,,,,,,,
5/12/2026,,,,,,,,,,,,,,,
5/13/2026,,,,,,,,,,,,,,,
5/14/2026,,,,,,,,,,,,,,,
5/15/2026,,,,,,,,,,,,,,,
5/16/2026,,,,,,,,,,,,,,,
5/17/2026,,,,,,,,,,,,,,,
5/18/2026,,,,,,,,,,,,,,,
5/19/2026,,,,,,,,,,,,,,,
5/20/2026,,,,,,,,,,,,,,,
5/21/2026,,,,,,,,,,,,,,,
5/22/2026,,,,,,,,,,,,,,,
5/23/2026,,,,,,,,,,,,,,,
5/24/2026,,,,,,,,,,,,,,,
5/25/2026,,,,,,,,,,,,,,,
5/26/2026,,,,,,,,,,,,,,,
5/27/2026,,,,,,,,,,,,,,,
5/28/2026,,,,,,,,,,,,,,,
5/29/2026,,,,,,,,,,,,,,,
5/30/2026,,,,,,,,,,,,,,,
5/31/2026,,,,,,,,,,,,,,,
6/1/2026,,,,,,,,,,,,,,,
6/2/2026,,,,,,,,,,,,,,,
6/3/2026,,,,,,,,,,,,,,,
